Job_Title,Company,City,Salary,Description,Experience,Education,Skills
Not Mentioned,Not Mentioned,"Noida, Gurugram",Not disclosed,Principal Data Scientist/Senior Data Scientist/Data Scientist - NLP/Machine LearningPri...,0-5 Yrs,"Education
UG: B.Tech/B.E. in Any Specialization
PG: M.Tech in Any Specialization
Doctorate: Doctorate Not Required","['ANN', 'deep learning', 'AI Modelling', 'CNN', 'NLP', 'RNN', 'Natural Language Processing', 'AI Data Modelling']"
Not Mentioned,GSK India,Bengaluru,Not disclosed,Bachelors degree and 4+ years of experience in pharmaceutical commercial analytics . Ba...,3-7 Yrs,"Education
UG: Any Graduate
PG: Any Postgraduate","['Procurement', 'Pharma', 'power bi', 'Healthcare', 'Oncology', 'HR', 'Analytics', 'SQL', 'Python', 'Recruitment']"
Not Mentioned,Evalueserve,"Hybrid - Gurugram, Bengaluru, Mumbai (All Areas)",Not disclosed,"Preferred candidate profile . Bachelors degree or higher in statistics, mathematics, en...",3-8 Yrs,Not Mentioned,['Not Mentioned']
Not Mentioned,EY,"Pune, Gurugram, Bengaluru",Not disclosed,Preferred candidate profile . .,4-8 Yrs,"Education
UG: B.Tech/B.E. in Any Specialization","['R', 'SAS', 'Power Bi', 'Revenue Growth Management', 'Data Visualization', 'Tableau', 'Machine Learning', 'Python', 'SQL']"
Not Mentioned,NDS Infoserv,Mumbai,12-15 Lacs PA,"Bachelor Accommodation providedCandidate should be a self-motivated, independent, detai...",0-2 Yrs,"Education
Doctorate: Ph.D/Doctorate in Electronics/Telecommunication, Computers",['Data Science']
Not Mentioned,Loyalytics,Bengaluru,Not disclosed,We are specifically inviting fresh graduates from IITs to join our energetic teamProven...,1-3 Yrs,"Education
UG: Any Graduate
PG: Any Postgraduate","['project management', 'written communication', 'agile', 'retail analytics', 'retail', 'sql', 'communication skills', 'transportation']"
Not Mentioned,Not Mentioned,Bengaluru,Not disclosed,- knowledge of Splunk- Able to automate data flow from Splunk to DB (Aware on the APis)...,4-6 Yrs,"Education
UG: B.Tech/B.E. in Any Specialization
PG: Any Postgraduate
Doctorate: Doctorate Not Required","['Aware', 'APis', 'Web Framework']"
Not Mentioned,NCR Corporation,Gurugram,Not disclosed,Prior experience with internships or projects in AI / ML is a plus. . Offers of employm...,2-6 Yrs,"Education
UG: Any Graduate
PG: Any Postgraduate","['deep learning', 'Analytical', 'Machine learning', 'Programming', 'Data collection', 'Data structures', 'data visualization', 'Recruitment', 'Python']"
Not Mentioned,Collegedunia,Gurugram,Not disclosed,"- Collecting, cleaning, and organizing data from various sources.- Possessing a strong ...",1-2 Yrs,"Education
UG: Any Graduate
PG: Any Postgraduate
Doctorate: Doctorate Not Required","['NLP', 'Data Scientist', 'Artificial Intelligence', 'Machine Learning', 'Predictive Analytics', 'Python']"
Not Mentioned,Indegene,Bengaluru,Not disclosed,". Bachelors in Computer Science, Data Science, or a related fieldThe ideal candidate sh...",2-6 Yrs,"Education
UG: Any Graduate
PG: Any Postgraduate","['Data analysis', 'data science', 'data manipulation', 'Machine learning', 'Manager Technology', 'Healthcare', 'Natural language processing', 'Python']"
Not Mentioned,V2soft,Bengaluru,Not disclosed,"V2Soft ( v2soft.com ) is a global company, headquartered out of Bloomfield Hills, Michi...",5-9 Yrs,"Education
UG: Any Graduate
PG: Any Postgraduate","['project management', 'delivery management', 'engagement management', 'program management', 'business analysis', 'pcb', 'sql', 'application development']"
Not Mentioned,Not Mentioned,"Kolkata, Mumbai, New Delhi, Hyderabad, Pune, Chennai, Bengaluru",Not disclosed,"This range is determined by an array of factors, including training, transferable skill...",6-11 Yrs,"Education
UG: Any Graduate
PG: Any Postgraduate","['Automation', 'Data analysis', 'Simulation', 'Analytical', 'Machine learning', 'Flex', 'Security services', 'Healthcare', 'SQL', 'game development']"
Not Mentioned,Ford,Chennai,Not disclosed,The potential candidate should have hands-on experience applying OR methodologies and m...,2-6 Yrs,"Education
UG: Any Graduate
PG: Any Postgraduate","['Supply chain', 'Operations research', 'Simulation', 'Analytical', 'Customer service', 'Forecasting', 'Analytics', 'SQL', 'Logistics']"
Not Mentioned,Ford,Chennai,Not disclosed,The potential candidate should have hands-on experience applying OR methodologies and m...,2-6 Yrs,"Education
UG: Any Graduate
PG: Any Postgraduate","['Supply chain', 'Computer science', 'Operations research', 'Simulation', 'Analytical', 'Customer service', 'Forecasting', 'Analytics', 'SQL', 'Logistics']"
Not Mentioned,CBRE,Hybrid - Hyderabad,Not disclosed,Should be able to customize any algorithm(s) wherever neededHands on experience in appl...,4-8 Yrs,"Education
UG: Any Graduate",['Not Mentioned']
Not Mentioned,Genpact,"Hyderabad, Gurugram, Bengaluru",Not disclosed,"Experience in tokenization and embeddings and must have used GPT, LLaMA, Huggingface, M...",6-11 Yrs,Not Mentioned,['Not Mentioned']
Not Mentioned,Not Mentioned,Bengaluru,Not disclosed,We are seeking a highly skilled Lead Data Scientist with 7-10 years of experience in Da...,7-10 Yrs,"Education
UG: B.Tech/B.E. in Any Specialization, B.Sc in Any Specialization
PG: Any Postgraduate
Doctorate: Doctorate Not Required","['Java', 'Azure', 'Strategy Development', 'Power BI', 'Artificial Intelligence', 'Tableau', 'Machine Learning', 'NumPy', 'R', 'Project Management', 'Pandas', 'data visualization', 'AWS', 'Python']"
Not Mentioned,TELUS International,Hybrid - Noida,15-25 Lacs PA,"Role & responsibilities Collect, clean, and preprocess data from various sources to ens...",3-5 Yrs,"Education
UG: Any Graduate
PG: Any Postgraduate
Doctorate: Doctorate Not Required","['Tensorflow', 'Natural Language Processing', 'Computer Vision', 'Machine Learning', 'Scikit-Learn']"
Not Mentioned,Sprih Labs,Pune,Not disclosed,"As a Data Scientist/AI Engineer, you will play a crucial role in the development andimp...",2-5 Yrs,"Education
UG: Any Graduate
PG: LLM in Law, Any Postgraduate","['Training', 'deep learning', 'C++', 'data science', 'Artificial Intelligence', 'Machine learning', 'Programming', 'Python']"
Not Mentioned,Trimble,Chennai,Not disclosed,   Job Title:  AI/ML Data Scientist        Location:  Chennai        We are seeking a h...,4-7 Yrs,"Education
UG: Any Graduate
PG: Any Postgraduate","['ERP', 'Prototype', 'Data management', 'Machine learning', 'CMS', 'Strategic planning', 'Data structures', 'microsoft', 'Analytics', 'Python']"
Not Mentioned,EY,"Hybrid - Hyderabad, Bengaluru, Delhi / NCR",Not disclosed,"Graduate degree in a quantitative field (CS, statistics, applied mathematics, machine l...",6-11 Yrs,Not Mentioned,"['Llama', 'Langchain', 'Lora']"
Not Mentioned,IBM,Bengaluru,Not disclosed,Required Technical and Professional Expertise. Resource should have 5-7 years of experi...,7-12 Yrs,"Education
UG: Any Graduate
PG: Any Postgraduate","['hive', 'algorithms', 'data analysis', 'natural language processing', 'pyspark', 'power bi', 'machine learning', 'sql', 'pandas', 'deep learning', 'data science', 'spark', 'kafka', 'data visualization', 'hadoop', 'aws', 'big data', 'etl']"
Not Mentioned,IBM,"Hyderabad, Bengaluru",Not disclosed,Required Technical and Professional Expertise . 4+ years of experience as a Data Scient...,4-8 Yrs,"Education
UG: Any Graduate
PG: Any Postgraduate","['continuous integration', 'algorithms', 'python', 'scikit-learn', 'ci/cd', 'relational databases', 'sql', 'r', 'tensorflow', 'open source', 'spark', 'devops', 'pytorch', 'big data']"
Not Mentioned,Infosys,Bengaluru,Not disclosed," Responsibilities Writing effective, scalable code from scratch, .Integrating applicati...",3-8 Yrs,"Education
UG: B.Tech/B.E. in Production/Industrial
PG: Any Postgraduate","['data management', 'web services', 'docker', 'sql', 'data science', 'gcp', 'linux', 'html', 'mongodb', 'ml', 'rest', 'github', 'microsoft azure', 'machine learning', 'javascript', 'nosql', 'django', 'json structure', 'aws', 'flask']"
Not Mentioned,Infosys,Bengaluru,Not disclosed,"Educational Requirements Bachelor of Engineering, Bachelor Of CompApplications, Bachelo...",9-11 Yrs,"Education
UG: B.Tech/B.E. in Production/Industrial, B.Sc in Chemistry
PG: Any Postgraduate, M.Tech in Electronics/Telecommunication","['snowflake', 'continuous integration', 'presentation skills', 'data warehousing', 'ci/cd', 'machine learning', 'pandas', 'tensorflow', 'seaborn', 'data science', 'matplotlib', 'pytorch', 'bigquery']"
Not Mentioned,Hitachi Data Systems,"Hyderabad, Pune, Chennai, Bengaluru",Not disclosed,Deep Learning Proficiency: Hands-on experience with deep learning models and frameworks...,3-7 Yrs,"Education
UG: Any Graduate
PG: Any Postgraduate","['Computer science', 'Data analysis', 'Coding', 'Artificial Intelligence', 'Consulting', 'Machine learning', 'Equity', 'Apache', 'Python', 'Technical documentation']"
Not Mentioned,IIFL Finance,Gurugram,Not disclosed, Job DescriptionWe are seeking a highly motivated analyst to join our dynamic team. The...,3-6 Yrs,"Education
UG: B.Tech/B.E. in Any Specialization","['Data Visualization', 'Data Analytics']"
Not Mentioned,Pluto7,Bengaluru,Not disclosed,"At Pluto7, our mission is to deliver customer-centric data solutions to global enterpri...",2-5 Yrs,"Education
UG: Any Graduate
PG: Any Postgraduate","['exploration', 'data analytics', 'presentation skills', 'engineering', 'machine learning', 'data wrangling', 'artificial intelligence', 'communication skills']"
Not Mentioned,Codvo,"Mumbai, Delhi / NCR, Bengaluru",Not disclosed,Working with Azure Databricks platform is preferred) . Advanced knowledge in handling T...,2-5 Yrs,"Education
UG: B.Tech/B.E. in Any Specialization
PG: MCA in Any Specialization
Doctorate: Doctorate Not Required","['Pytorch', 'Theano', 'Pyspark', 'data science', 'Azure Databricks', 'statistical modelling', 'Keras', 'TensorFlow']"
Not Mentioned,Not Mentioned,Bengaluru,Not disclosed,"As a data scientist at wakefit, you will be an integral contributor to our research-foc...",3-6 Yrs,"Education
UG: B.Tech/B.E. in Production/Industrial, Any Graduate
PG: M.Tech in Electronics/Telecommunication
Doctorate: Doctorate Not Required","['Data Science', 'OpenCV', 'Data Scientist', 'Data Management', 'MATLAB', 'Machine Learning', 'Numpy', 'Deep Learning', 'Signal Processing']"
Not Mentioned,Not Mentioned,"Mumbai, Chennai, Bengaluru",Not disclosed,Experience creating and using advanced machine learning algorithms and statistics: regr...,9-14 Yrs,"Education
UG: Any Graduate
PG: Any Postgraduate
Doctorate: Doctorate Not Required","['Hive', 'scenario analysis', 'data mining', 'Hadoop', 'statistical models', 'data scientist', 'Spark']"
Not Mentioned,Ignitho,Bengaluru,Not disclosed,  Collaborate with Business and IT teamsData mining or extracting usable data from valu...,3-8 Yrs,"Education
UG: B.Tech/B.E. in Any Specialization","['Glue', 'Athena', 'Python', 'SQL']"
Not Mentioned,Ignitho,Bengaluru,10-20 Lacs PA,Shift: 1pm to 10pm (Uk shift),5-10 Yrs,"Education
UG: Any Graduate
PG: Any Postgraduate
Doctorate: Any Doctorate","['python', 'machine learning', 'AWS', 'SQL']"
Not Mentioned,Not Mentioned,Bengaluru,Not disclosed,"At Setu, we are leading this ecosystem shift and building developer infrastructure and ...",3-7 Yrs,"Education
UG: Any Graduate
PG: Any Postgraduate",['Data Scientist']
Not Mentioned,Equifax Credit Information Services Private Limited,Bengaluru,Not disclosed,Schedule: Full time . 3 years experience in handling BFSI analytics / Risk models / GCP...,2-6 Yrs,"Education
UG: Any Graduate
PG: Any Postgraduate","['Logistic regression', 'Bfsi', 'GCP', 'Neural networks', 'Analytical', 'risk modeling', 'Machine learning', 'Healthcare', 'Analytics', 'Python']"
Not Mentioned,Equifax Credit Information Services Private Limited,Bengaluru,Not disclosed,"Schedule: Full timeExperience in performing analysis using Google BigQuery, and other G...",1-4 Yrs,"Education
UG: Any Graduate
PG: Any Postgraduate","['Prototype', 'Analytical', 'Data structures', 'Healthcare', 'Pattern recognition', 'data visualization', 'Data mining', 'Analytics']"
Not Mentioned,T-Systems ICT India Pvt Ltd,Pune,Not disclosed,Role & responsibilities  AI Solution DesingerDevising solution concepts for the develop...,6-11 Yrs,"Education
UG: Any Graduate
PG: Any Postgraduate","['NLP', 'Deep Learning']"
Not Mentioned,Calsoft,Bengaluru,Not disclosed,"Experience with large scale training and inference, and machine learning pipelines in p...",4-8 Yrs,Not Mentioned,['Not Mentioned']
Not Mentioned,Atos,Hybrid - Chennai,Not disclosed,Should have delivered at least 1 project in ADLS & ADFThe key qualifications and experi...,3-8 Yrs,"Education
UG: Any Graduate","['Data Quality', 'Data Engineering', 'Data Visualization', 'Data Architecture', 'Data Modeling']"
Not Mentioned,Deloitte,Maharashtra,Not disclosed,Location: Pan IndiaResponsibilities:5+ years of work experience as a Data ScientistA co...,5-7 Yrs,Not Mentioned,['Not Mentioned']
Not Mentioned,Ford,Chennai,Not disclosed,"Qualifications: . Master s in Data science, Computer Science, Electrical Engineering, A...",2-6 Yrs,"Education
UG: B.Tech/B.E. in Any Specialization
PG: Any Postgraduate","['C++', 'data science', 'GCP', 'Analytical', 'Machine learning', 'Forecasting', 'Operations', 'SQL', 'Python']"
Not Mentioned,Ford,Chennai,Not disclosed,"Qualifications: . Master s in Data science, Computer Science, Electrical Engineering, A...",2-6 Yrs,"Education
UG: B.Tech/B.E. in Any Specialization
PG: Any Postgraduate","['Computer science', 'C++', 'data science', 'GCP', 'Analytical', 'Machine learning', 'Forecasting', 'Operations', 'SQL', 'Python']"
Not Mentioned,Michelin,Pune,Not disclosed,  Data Scientist   - - - - - - - - - - - -     KEY EXPECTED ACHIEVEMENTS       NLP Expe...,2-6 Yrs,"Education
UG: Any Graduate
PG: Any Postgraduate","['Text mining', 'deep learning', 'advanced analytics', 'Data analysis', 'Machine learning', 'Manager Technology', 'Information retrieval', 'Research', 'Python']"
Not Mentioned,Anantara Solutions,Chennai,Not disclosed,"Experience: 3+ years in Data Science, with exposure to AI / ML model development and de...",3-8 Yrs,"Education
UG: Any Graduate
PG: Any Postgraduate","['SAN', 'Data analysis', 'French', 'Version control', 'GIT', 'Analytical', 'devops', 'Machine learning', 'Monitoring', 'Python']"
Not Mentioned,Omnibridge Solutions,Pune,Not disclosed," Develop and maintain end-to-end pipelines for image processing and OCR.Design, train, ...",3-4 Yrs,"Education
UG: Any Graduate","['image processing', 'Tensorflow', 'google vision', 'Tesseract', 'ocr', 'azure']"
Not Mentioned,TransOrg,"Bangalore Rural, Gurgaon/ Gurugram, Mumbai (All Areas)",Not disclosed,"Bachelors in Computer Science/ Engineering, Statistics, Math or related quantitative de...",2-5 Yrs,"Education
UG: B.Sc in Any Specialization, B.Tech/B.E. in Any Specialization","['Logistic Regression', 'predictive modeling', 'Statistical Modeling', 'Deep Learning', 'Predictive Analytics']"
Not Mentioned,Carbynetech India Pvt Ltd,Hyderabad,Not disclosed,"Experience in Deep learning using Convolutional Neural Networks (CNN), Recurrent Neural...",2-7 Yrs,"Education
UG: Any Graduate
PG: Any Postgraduate
Doctorate: Doctorate Not Required","['Data Science', 'NLP Pipeline', 'NLP', 'CI/CD Pipeline', 'Data Scientist', 'Data Management', 'Time Series Forecasting', 'Neural Networks', 'Azure Databricks', 'Deep Learning']"
Not Mentioned,Carbynetech India Pvt Ltd,Hyderabad,Not disclosed,"- You have at least 2 year experience, ideally within a Statistician role.- You possess...",3-8 Yrs,Not Mentioned,['Not Mentioned']
Not Mentioned,Carbynetech India Pvt Ltd,Hyderabad,Not disclosed,along with knack to imagine new schema. . - Candidate should have knowledge on Front en...,2-7 Yrs,"Education
UG: Any Graduate
PG: Any Postgraduate
Doctorate: Doctorate Not Required","['R-CNN', 'NLP', 'Data Scientist', 'Pandas', 'Neural Networks', 'Numpy', 'Deep Learning', 'Python']"
Not Mentioned,Carbynetech India Pvt Ltd,"Visakhapatnam, Hyderabad",Not disclosed,"A bachelor's degree in Computer Science, Information Systems, Engineering, or other rel...",3-8 Yrs,"Education
UG: B.Sc in Any Specialization","['Azure ML', 'MLFlow', 'Mlops', 'Machine Learning']"
Not Mentioned,Carbynetech India Pvt Ltd,Hyderabad,Not disclosed,Job Requirements :- 3+ Years of experience in machine learning and AI analytics.- Exper...,3-8 Yrs,"Education
UG: B.Tech/B.E. in Any Specialization
PG: Any Postgraduate
Doctorate: Doctorate Not Required","['Data Science', 'R', 'APICS', 'NLP', 'Artificial Intelligence', 'Data Management', 'Python', 'Predictive Analytics']"
Not Mentioned,Rarr Technologies,Pune,Not disclosed,More than 5 years of experience in Data Science and AI / ML domain  Excellent understan...,6-12 Yrs,"Education
UG: Any Graduate
PG: Any Postgraduate","['C++', 'tableau', 'data science', 'Analytical', 'Machine learning', 'Hadoop', 'microsoft', 'Business intelligence', 'SQL', 'Python']"
Not Mentioned,Datamatics,Mumbai,Not disclosed,"Bachelor s or advanced degree in Data Science, Statistics, Computer Science, or related...",3-5 Yrs,"Education
UG: Any Graduate
PG: Any Postgraduate","['Data analysis', 'data science', 'Machine learning', 'data governance', 'Market research', 'SPSS', 'Statistics', 'Analytics', 'SQL']"
Not Mentioned,Not Mentioned,Mumbai (All Areas),10-16 Lacs PA,"Qualifications: . Bachelors degree in Computer Science, Statistics, or related fieldPro...",2-3 Yrs,"Education
UG: B.Sc in Computers, Statistics","['Predictive Modeling', 'Power Bi', 'Natural Language Processing', 'Statistical Modeling', 'Machine Learning', 'Ml Algorithms', 'Predictive Analytics']"
Not Mentioned,Not Mentioned,"Hybrid - Gurugram, Bengaluru",15-30 Lacs PA,Skill details: Data Scientist Must Have:- 1) Python 2) Machine learning 3) Marketing An...,7-12 Yrs,"Education
UG: Any Graduate",['Not Mentioned']
Not Mentioned,Entropik Tech,Chennai,Not disclosed,About Entropik. Entropik is a leading human insights AI company. Our multi-patented Emo...,2-5 Yrs,"Education
UG: Any Graduate
PG: Any Postgraduate","['deep learning', 'python', 'tensorflow', 'natural language processing', 'aws cloud', 'pytorch', 'keras', 'research']"
Not Mentioned,Not Mentioned,Hyderabad,Not disclosed,. 3+ years of hands-on experience in data science and machine learning. Extensive exper...,3-7 Yrs,"Education
UG: B.Tech/B.E. in Production/Industrial
PG: MS/M.Sc(Science) in Chemistry, M.Tech in Electronics/Telecommunication","['Data analysis', 'Claims', 'risk modeling', 'Litigation', 'Machine learning', 'Actuarial', 'Legal documentation', 'SQL', 'Python']"
Not Mentioned,Verisk,Hyderabad,Not disclosed,. 3+ years of hands-on experience in data science and machine learning. Extensive exper...,2-6 Yrs,"Education
UG: B.Tech/B.E. in Production/Industrial
PG: MS/M.Sc(Science) in Chemistry, M.Tech in Electronics/Telecommunication","['Data analysis', 'Claims', 'risk modeling', 'Litigation', 'Machine learning', 'Actuarial', 'Legal documentation', 'SQL', 'Python']"
Not Mentioned,Verisk,Hyderabad,Not disclosed,. 3+ years of hands-on experience in data science and machine learning. Extensive exper...,3-6 Yrs,"Education
UG: B.Tech/B.E. in Production/Industrial
PG: MS/M.Sc(Science) in Chemistry, M.Tech in Electronics/Telecommunication","['Data analysis', 'Claims', 'risk modeling', 'Litigation', 'Machine learning', 'Actuarial', 'Legal documentation', 'SQL', 'Python']"
Not Mentioned,Ignitho,Chennai,Not disclosed,  Collaborate with Business and IT teamsData mining or extracting usable data from valu...,3-8 Yrs,"Education
UG: B.Tech/B.E. in Any Specialization","['Glue', 'Athena', 'Python', 'SQL']"
Not Mentioned,Ignitho,Chennai,10-20 Lacs PA,Shift: 1pm to 10pm (Uk shift),5-10 Yrs,"Education
UG: Any Graduate
PG: Any Postgraduate
Doctorate: Any Doctorate","['python', 'machine learning', 'AWS', 'SQL']"
Not Mentioned,Ignitho,Kochi,10-20 Lacs PA,Shift: 1pm to 10pm (Uk shift),5-10 Yrs,"Education
UG: Any Graduate
PG: Any Postgraduate
Doctorate: Any Doctorate","['python', 'machine learning', 'AWS', 'SQL']"
Not Mentioned,Tiketcom,Noida,Not disclosed,"We think you also hate when travel app is giving you a headache, right? A slight misinf...",3-7 Yrs,"Education
UG: Any Graduate
PG: Any Postgraduate","['r', 'data analysis', 'modeling', 'data science', 'predictive modeling', 'machine learning', 'programming', 'communication skills']"
Not Mentioned,Not Mentioned,Pune,Not disclosed,"Skills, capable of presenting complex findings in a clear and understandable manner . A...",3-7 Yrs,"Education
UG: Any Graduate
PG: Any Postgraduate","['r', 'python', 'tensorflow', 'statistical modeling', 'power bi', 'machine learning', 'machine learning algorithms', 'communication skills']"
Not Mentioned,Not Mentioned,Kolkata,Not disclosed,Share. Partager sur Facebook Partager sur Twitter Partager sur LinkedIn.   Job Descript...,1-6 Yrs,"Education
UG: Any Graduate
PG: Any Postgraduate","['excel', 'python', 'modeling', 'data modeling', 'data science', 'gcp', 'segmentation', 'sql']"
Not Mentioned,Not Mentioned,Pune,Not disclosed,"Proficiency in programming languages such as Python, R, or Scala for data manipulation,...",3-6 Yrs,"Education
UG: Any Graduate
PG: Any Postgraduate, LLM in Law","['collaborative filtering', 'tensorflow', 'scikit-learn', 'nltk', 'pytorch', 'keras', 'machine learning algorithms', 'programming']"
Not Mentioned,Datacouch,Nagar,Not disclosed,"Introduction: Join DataCouch, where data drives our core strategic decisions. As a Data...",1-4 Yrs,"Education
UG: Any Graduate
PG: LLM in Law, Any Postgraduate","['pandas', 'data extraction', 'analytical instruments', 'predictive modeling', 'machine learning algorithms', 'machine learning', 'sql', 'communication skills']"
Not Mentioned,Jungheinrich India,Pune,Not disclosed,BE / B Tech preferred5 to 8 years experience ideally in the development of discounts or...,2-5 Yrs,"Education
UG: Any Graduate
PG: Any Postgraduate","['data bricks', 'python', 'data science', 'data processing', 'machine learning', 'pricing', 'communication skills', 'sql']"
Not Mentioned,"Redaptive, Inc",Pune,Not disclosed,"Required Abilities and Skills: Proficiency writing readable, testable, and maintainable...",3-7 Yrs,"Education
UG: Any Graduate
PG: Any Postgraduate","['rest', 'story writing', 'data science', 'predictive modeling', 'presentation skills', 'jupyter notebook', 'relational databases', 'communication skills']"
Not Mentioned,Bungee Tech,Chennai,Not disclosed,"Requirements: Masters degree or PhD in Computer Science, Statistics, Applied Mathematic...",3-7 Yrs,"Education
UG: Any Graduate
PG: LLM in Law, Any Postgraduate","['python', 'natural language processing', 'spark', 'predictive modeling', 'computer vision', 'programming', 'statistics', 'communication skills']"
Not Mentioned,Geak Minds,Hybrid - Chennai,Not disclosed,Role: Data ScientistExperience: 2-3 YearsQualification: B.Tech /BELocation: Chennai (Pr...,2-3 Yrs,"Education
UG: B.Tech/B.E. in Any Specialization","['Azure Synapse', 'Azure Analytics', 'Power Bi', 'AI&ML', 'Tableau']"
Not Mentioned,Metriqe Solutions,Chennai,Not disclosed,Key Skills and Qualifications: Programming and Technical Skills: . Proficiency in SQL t...,7-10 Yrs,Not Mentioned,['Not Mentioned']
Not Mentioned,Global Pharma Tek,Bengaluru,Not disclosed,Deep Learning Model Development experience is a must for this role. . . Understanding b...,2-7 Yrs,"Education
UG: Any Graduate
PG: Any Postgraduate","['arima', 'algorithms', 'natural language processing', 'scikit-learn', 'numpy', 'random forest', 'machine learning', 'tensorflow', 'lstm', 'decision tree', 'data science', 'statsmodels', 'pytorch', 'opencv']"
Not Mentioned,Maruti Suzuki,Gurugram,Not disclosed,  Job Description     Job Title:   Data Scientist     Job Location:   Gurgaon     Educa...,4-7 Yrs,"Education
UG: Any Graduate
PG: Any Postgraduate","['Computer vision', 'deep learning', 'Simulation', 'data science', 'Neural networks', 'Machine learning', 'Hypothesis Testing', 'Telematics', 'Automotive', 'Python']"
Not Mentioned,Aaum Research And Analytics,Chennai(Taramani),Not disclosed,Aaum and geniSIGHTS is seeking a motivated and skilled Data Scientist with a minimum of...,1-2 Yrs,"Education
PG: M.Tech in Any Specialization, MBA/PGDM in Any Specialization, MS/M.Sc(Science) in Any Specialization
Doctorate: Ph.D/Doctorate in Any Specialization",['R Coding']
Not Mentioned,Anantara Solutions,Chennai,Not disclosed,Experience: 3+ years . Role Overview: We are seeking a skilled and experienced Data Sci...,3-8 Yrs,"Education
UG: Any Graduate
PG: Any Postgraduate","['SAN', 'Data analysis', 'French', 'Version control', 'GIT', 'Analytical', 'devops', 'Machine learning', 'Monitoring', 'Python']"
Not Mentioned,Kinaxis Inc,Chennai,Not disclosed,"Bachelor s degree in engineering, computer science, statistics, mathematics, data scien...",4-8 Yrs,"Education
UG: Any Graduate
PG: Any Postgraduate","['Supply chain', 'Data analysis', 'Supply chain management', 'Relationship building', 'MySQL', 'Business planning', 'Presales', 'Oracle']"
Not Mentioned,Cloudcover Consultancy,Pune,Not disclosed,"Bachelors degree in Computer Science, Information Technology, or a related fieldExperie...",3-7 Yrs,"Education
UG: Any Graduate
PG: Any Postgraduate","['Prototype', 'Data management', 'GCP', 'Machine learning', 'Debugging', 'Data collection', 'Information technology', 'SQL', 'Python']"
Not Mentioned,Dalmia Cement,Noida,Not disclosed,Experience creating and using supervised and unsupervised machine learning algorithms: ...,5-10 Yrs,"Education
UG: B.Tech/B.E. in Any Specialization",['ETL']
Not Mentioned,Tata Technologies,"Pune, Bengaluru",Not disclosed,Overall 4+ years of experience in Data Analytics & Data Science domain. minimum 4+ year...,4-6 Yrs,"Education
UG: Any Graduate",['Not Mentioned']
Not Mentioned,Hitachi Solutions,Pune,Not disclosed,"Preferred Qualifications . A Master s Degree in Computer Science, Data Science, or any ...",3-7 Yrs,"Education
UG: Any Graduate
PG: Any Postgraduate","['Computer vision', 'Data analysis', 'Operational excellence', 'data science', 'Artificial Intelligence', 'Machine learning', 'Distribution system', 'SQL', 'Python']"
Not Mentioned,Neal Analytics,"Mumbai, Pune, Chennai, Gurugram, Bengaluru",Not disclosed, Its fun to work in a company where people truly BELIEVE in what they are doing!      W...,1-6 Yrs,"Education
UG: Any Graduate
PG: Any Postgraduate","['Graphics', 'Process automation', 'Computer vision', 'Automation', 'Manufacturing process', 'Analytical', 'Artificial Intelligence', 'model development', 'Research', 'Python']"
Not Mentioned,Aganitha Cognitive Solutions,"Hyderabad/Secunderabad(Jubilee Hills), Chennai",Not disclosed,"As a full stack data scientist at Aganitha, you will bring to bear all your programming...",0-5 Yrs,"Education
UG: B.Tech/B.E. in Computers
PG: MCA in Computers, MS/M.Sc(Science) in Data Informatics, Computers, M.Tech in Computers
Doctorate: Ph.D/Doctorate in Computers","['Data Engineering', 'Artificial Intelligence', 'Natural Language Processing', 'Machine Learning', 'Deep Learning']"
Not Mentioned,YOUNGMINDS TECHNOLOGY SOLUTIONS (YMTS),Tirupati,1.5-2.25 Lacs PA,"Bachelors or Masters degree in Computer Science, Engineering, Mathematics, orHands-on e...",0-1 Yrs,"Education
UG: B.Tech/B.E. in Computers",['Rnn']
Not Mentioned,Not Mentioned,"Hybrid - Nashik, Pune, Mumbai (All Areas)",4-9 Lacs PA,"Experience in predictive modeling, data science, and analysis in both batch and streami...",5-10 Yrs,"Education
UG: Any Graduate","['Tensorflow', 'SciPy', 'Alteryx', 'ITSM', 'Scikit-learn', 'Gensim', 'Domo', 'Grafana', 'Numpy', 'NetworkX', 'Data Science', 'NLTK', 'MySQL', 'Pandas', 'Keras', 'BERT', 'ETL']"
Not Mentioned,Not Mentioned,Noida,10-15 Lacs PA,Role & responsibilities The ideal candidate will have a strong background in machine le...,4-7 Yrs,"Education
UG: B.Tech/B.E. in Any Specialization","['Deep Learning', 'Predictive Analytics']"
Not Mentioned,Flipkart,Bengaluru,Not disclosed,The responsible person should be able to communicate and collaborate with multiple stak...,3-6 Yrs,"Education
UG: B.Tech/B.E. in Production/Industrial
PG: M.Tech in Electronics/Telecommunication","['Pytorch', 'R', 'Neural Networks', 'Random Forests', 'SVM', 'Deep Learning', 'Python', 'TensorFlow']"
Not Mentioned,Wipro,Bengaluru,Not disclosed,4-year bachelors degree or above with > 7 years of experienceSolid experience working w...,7-12 Yrs,"Education
UG: B.Tech/B.E. in Any Specialization
PG: M.Tech in Any Specialization","['Data Science', 'Python coding', 'Hive', 'Docker', 'Snowflake', 'AWS Sagemaker', 'AWS Cloud', 'HANA', 'SQL', 'Kubernetes']"
Not Mentioned,Wipro,"Pune, Chennai, Bengaluru",Not disclosed,"As an expert in using Generative AI, particularly LLM models, and proficient in Python ...",2-7 Yrs,"Education
UG: Any Graduate
PG: Any Postgraduate","['algorithms', 'sql queries', 'nltk', 'data warehousing', 'solution development', 'bert', 'machine learning', 'deep learning', 'spacy', 'tensorflow', 'gcp', 'ai techniques', 'pytorch', 'keras', 'machine learning algorithms']"
Not Mentioned,Walmart,Bengaluru,Not disclosed,o Masters with > 2+ years of relevant experience Or Bachelors > 4+ years of relevant ex...,4-9 Yrs,"Education
UG: Any Graduate
PG: Any Postgraduate","['Networking', 'Coding', 'Troubleshooting', 'Information technology', 'Distribution system', 'Analytics', 'Monitoring', 'SQL', 'Python']"
Not Mentioned,Tech Mahindra,"Hyderabad, Bengaluru",Not disclosed,"Role & responsibilities Preferred candidate profile  -4+ years of experience in AI/ML, ...",5-10 Yrs,"Education
UG: Any Graduate","['NLP', 'Machine Learning', 'Deep Learning']"
Not Mentioned,CGI,Pune,Not disclosed, We are looking for an experienced and enthusiastic NLP Data Scientist to join our NLP ...,1-8 Yrs,"Education
UG: Any Graduate
PG: Any Postgraduate","['Business consulting', 'Prototype', 'CGI', 'Artificial Intelligence', 'Machine learning', 'Agile', 'Information retrieval', 'Open source', 'Python']"
Not Mentioned,IBM,Kochi,Not disclosed,"At IBM, work is more than a job - it's a calling: To build. To design. To code. To cons...",5-7 Yrs,"Education
UG: Any Graduate
PG: Any Postgraduate","['kubernetes', 'openshift', 'redhat linux', 'artificial intelligence', 'docker', 'ansible', 'salesforce', 'git', 'java', 'devops', 'linux', 'jenkins', 'podman', 'ml', 'github', 'maven', 'rhel', 'machine learning', 'rhce', 'terraform', 'aws', 'unix']"
Not Mentioned,IBM,Kochi,Not disclosed,"At IBM, work is more than a job - it's a calling: To build. To design. To code. To cons...",3-6 Yrs,"Education
UG: Any Graduate
PG: Any Postgraduate","['kubernetes', 'openshift', 'redhat linux', 'artificial intelligence', 'ansible', 'salesforce', 'git', 'java', 'devops', 'linux', 'jenkins', 'podman', 'ml', 'rest', 'github', 'maven', 'rhel', 'machine learning', 'rhce', 'terraform', 'aws', 'unix']"
Not Mentioned,IBM,Kochi,Not disclosed,"At IBM, work is more than a job - it's a calling: To build. To design. To code. To cons...",7-9 Yrs,"Education
UG: Any Graduate
PG: Any Postgraduate","['kubernetes', 'openshift', 'redhat linux', 'artificial intelligence', 'docker', 'ansible', 'salesforce', 'git', 'java', 'devops', 'linux', 'jenkins', 'podman', 'ml', 'github', 'maven', 'rhel', 'machine learning', 'rhce', 'terraform', 'aws', 'unix']"
Not Mentioned,Not Mentioned,Chennai,Not disclosed,   Job Title:  AI/ML Data Scientist        Location:  Chennai        We are seeking a h...,2-6 Yrs,"Education
UG: Any Graduate
PG: Any Postgraduate","['ERP', 'Prototype', 'Data management', 'Machine learning', 'CMS', 'Strategic planning', 'Data structures', 'microsoft', 'Analytics', 'Python']"
Not Mentioned,KAS Services,Bengaluru,Not disclosed,Mine multiple data sets including large data sets through clustering & capture thematic...,3-5 Yrs,"Education
UG: Any Graduate
PG: Medical-MS/MD in Psychology","['Supply chain', 'Computer science', 'advanced analytics', 'Operations research', 'data science', 'Analytical', 'Machine learning', 'Agile', 'Analytics', 'SQL']"
Not Mentioned,Liveketo,Gurugram(Wazirabad),Not disclosed, Overview: (DATA SCIENTIST)Liveketo Private Limited is looking for a skilled Data Scien...,4-7 Yrs,"Education
UG: B.Tech/B.E. in Any Specialization
PG: M.Tech in Any Specialization","['Tensorflow', 'Azure', 'Data Engineering', 'Power Bi', 'Hadoop', 'Data Mining', 'Cloud Platform', 'Tableau', 'Machine Learning', 'Numpy', 'Deep Learning', 'Scikit-Learn', 'SQL', 'R', 'Data Manipulation', 'Pandas', 'Data Visualization', 'Spark', 'Google Cloud Platforms', 'AWS', 'Predictive Analytics', 'Python']"
Not Mentioned,Not Mentioned,"Dehradun, Sonipat/Sonepat, Gurugram",6-15 Lacs PA,Professional Experience of at least 2+ years in Python,2-7 Yrs,"Education
UG: Any Graduate
PG: Any Postgraduate
Doctorate: Any Doctorate","['rest', 'scipy', 'firestore', 'natural language processing', 'plotly', 'numpy', 'machine learning', 'firebase', 'artificial intelligence', 'django framework', 'pandas', 'tensorflow', 'data science', 'matplotlib', 'data visualization', 'flask']"
Not Mentioned,Not Mentioned,"Delhi / NCR, Bengaluru",Not disclosed,"Resource should have good exposure of cloud (AWS , Azure or GCP )Should have a good NLP...",5-10 Yrs,"Education
UG: B.Tech/B.E. in Any Specialization, B.Sc in Any Specialization
PG: MCA in Any Specialization, LLM in Any Specialization
Doctorate: Doctorate Not Required","['cloud', 'Gen AI', 'Azure', 'NLP', 'ML and LLM', 'AWS', 'Deep Learning', 'Python']"
Not Mentioned,Not Mentioned,Remote,15-30 Lacs PA,Seeking talented Data Scientists & Analysts proficient in Python to join our ambitious ...,Not Mentioned,"Education
UG: B.Sc in Computers, B.Tech/B.E. in Computers, BCA in Computers
PG: MS/M.Sc(Science) in Computers, MCA in Computers, M.Tech in Computers","['Pytorch', 'Large Vision Models', 'Big Data Analytics', 'Generative Ai', 'Natural Language Processing']"
Not Mentioned,Not Mentioned,Bengaluru,Not disclosed,"   A Data Scientist combines statistical analysis, machine learning, and domain experti...",3-7 Yrs,"Education
UG: Any Graduate
PG: Any Postgraduate","['Computer science', 'Statistical analysis', 'Machine learning', 'Hadoop', 'Mathematics', 'Statistics', 'Python']"
Not Mentioned,GM Analytics Solutions,Gurugram(Cyber City),Not disclosed,"GM Analytics Solutions is looking for a driven, dedicated and experienced Data Scientis...",3-8 Yrs,"Education
UG: Any Graduate
PG: Post Graduation Not Required
Doctorate: Doctorate Not Required","['Chaid', 'SQL Queries', 'Decision Trees', 'Principal Component Analysis', 'Python']"
Not Mentioned,Global Pharma Tek,Pune,Not disclosed,Encourage informed risk-taking and act as a catalyst. . Desired Qualifications: . 5+ ye...,5-10 Yrs,"Education
UG: Any Graduate
PG: Any Postgraduate","['algorithms', 'data mining', 'microsoft azure', 'aiml', 'random forest', 'machine learning', 'cloud platform', 'prototype', 'artificial intelligence', 'data science', 'data modeling', 'computer science', 'gcp', 'model development', 'aws']"
Not Mentioned,Kmart,Bengaluru,Not disclosed,Mine multiple data sets including large data sets through clustering & capture thematic...,3-7 Yrs,"Education
UG: Any Graduate
PG: Medical-MS/MD in Psychology","['Supply chain', 'Computer science', 'advanced analytics', 'Operations research', 'data science', 'Analytical', 'Machine learning', 'Agile', 'Analytics', 'SQL']"
Not Mentioned,Straive,"Hybrid - Noida, Hyderabad, Bengaluru",Not disclosed,Required Skills and Expertise: Proficiency in programming languages commonly used in da...,4-6 Yrs,Not Mentioned,['Not Mentioned']
Not Mentioned,Tata Technologies,Pune,Not disclosed,Openshift . * Stratgize ML testing using CI / CD based development pipelines. * Experie...,6-11 Yrs,"Education
UG: B.Tech/B.E. in Any Specialization
PG: Any Postgraduate","['Tensorflow', 'Keras', 'Machine Learning', 'Deep Learning']"
Not Mentioned,V2soft,Remote,14-22.5 Lacs PA,"Hands-on experience with machine learning, deep learning frameworks and libraries (e.g....",7-10 Yrs,"Education
UG: B.Tech/B.E. in Any Specialization, B.Sc in Any Specialization, BCA in Any Specialization
PG: MCA in Any Specialization, M.Tech in Any Specialization, MS/M.Sc(Science) in Any Specialization","['Data Science', 'PyTorch', 'Power BI', 'Real time data processing', 'Data Visualization', 'Automotive Domain', 'Data Modeling', 'Python']"
Not Mentioned,Not Mentioned,Bengaluru,Not disclosed,Required Experience and Skills . Bachelors or Master s in computer science (or related ...,3-5 Yrs,"Education
UG: Any Graduate
PG: Any Postgraduate","['C++', 'Simulation', 'Coding', 'thermal', 'Perl', 'Simulink', 'Troubleshooting', 'MATLAB', 'SQL', 'Python']"
Not Mentioned,Not Mentioned,Bengaluru,Not disclosed,Required Experience and Skills . Bachelors or Master s in computer science (or related ...,3-5 Yrs,"Education
UG: Any Graduate
PG: Any Postgraduate","['C++', 'Simulation', 'Coding', 'thermal', 'Perl', 'Simulink', 'Troubleshooting', 'MATLAB', 'SQL', 'Python']"
Not Mentioned,Futurism Technologies,"Kolkata, Mumbai, New Delhi, Hyderabad, Pune, Chennai, Bengaluru",Not disclosed,"Job Title: Data ScientistJob Location: Hinjewadi Phase 1, Pune (On-Site)Experience: 2+ ...",3-7 Yrs,"Education
UG: Any Graduate
PG: Any Postgraduate","['Data analysis', 'github', 'Statistical analysis', 'data manipulation', 'Machine learning', 'Data collection', 'data integrity', 'SQL', 'Python', 'Data extraction']"
Not Mentioned,Nityo Infotech,"Kolkata, Mumbai, New Delhi, Hyderabad, Pune, Chennai, Bengaluru",Not disclosed,"Education: Bachelor s degree/ master s degree in computer science, Statistics, Applied ...",3-7 Yrs,"Education
UG: Any Graduate
PG: Any Postgraduate","['C++', 'Neural networks', 'Analytical', 'Machine learning', 'Data collection', 'data visualization', 'Data mining', 'SQL', 'Python']"
Not Mentioned,Kellton,Gurugram,Not disclosed,Should be able to communicate complex statistical concepts in a way that end users can ...,5-7 Yrs,"Education
UG: Any Graduate","['Predictive Modeling', 'Decision Tree', 'Advanced Analytics', 'Random Forest']"
Not Mentioned,Bank Of America,Hyderabad,Not disclosed,BE / B Tech / ME /M Tech  A graduate degree in a quantitative or STEM discipline (e.gOu...,2-8 Yrs,"Education
UG: Any Graduate
PG: Any Postgraduate","['Data analysis', 'Software design', 'Consulting', 'Oracle', 'Risk management', 'JIRA', 'Software implementation', 'SQL', 'Python']"
Not Mentioned,Enterprise Bot,Bengaluru,Not disclosed,"Candidates should have 2-3 years of experience in the fields of machine learning, deep ...",2-3 Yrs,"Education
UG: Any Graduate
PG: Any Postgraduate","['deep learning', 'Automation', 'data science', 'Stock exchange', 'Machine learning', 'Data mining', 'Analytics', 'Python']"
Not Mentioned,Not Mentioned,Pune,Not disclosed,"Minimum 4+ years of experience as a data scientist Degree in Computer Science, Engineer...",4-8 Yrs,"Education
UG: B.Sc in Any Specialization, B.Tech/B.E. in Any Specialization, BCA in Any Specialization","['R', 'Naive Bayes', 'Decision Forests', 'k-Nearest Neighbors', 'Statistical Modeling', 'SVM', 'sql']"
Not Mentioned,Not Mentioned,"Noida, Gurugram, Delhi / NCR",Not disclosed,"Experience with programming languages like Python, Java, and machine learning libraries...",3-8 Yrs,"Education
UG: Any Graduate","['Azure Data Factory', 'Pyspark', 'Azure Cloud', 'Data Pipeline', 'Pandas', 'AI', 'Azure Databricks', 'Machine Learning', 'Artificial intelligence', 'Ml']"
Not Mentioned,Not Mentioned,"Noida, Gurugram, Delhi / NCR",Not disclosed,Principal Data Scientist / Senior Data Scientist/Data Scientist - NLP/Machine LearningJ...,0-5 Yrs,"Education
UG: B.Tech/B.E. in Any Specialization
PG: M.Tech in Any Specialization
Doctorate: Doctorate Not Required","['Data Science', 'Predictive Modeling', 'ANN', 'Data Modelling', 'CNN', 'Conceptual modeling', 'NLP', 'Statistical analysis', 'deep Learning']"
Not Mentioned,Not Mentioned,Pune,Not disclosed,     KEY EXPECTED ACHIEVEMENTS       NLP Expertise        The data scientist is an expe...,2-6 Yrs,"Education
UG: Any Graduate
PG: Any Postgraduate","['Text mining', 'deep learning', 'advanced analytics', 'Data analysis', 'Machine learning', 'Manager Technology', 'Information retrieval', 'Research', 'Python']"
Not Mentioned,HCLTech,Nagpur,Not disclosed,Function - Data Science & Machine LearningExperience - 05 - 09 yearsJob Location - Nagp...,6-10 Yrs,Not Mentioned,['Not Mentioned']
Not Mentioned,Target,Bengaluru,Not disclosed,"  Lead Data Scientist       About us:     As a Fortune 50 company with more than 400, 0...",5-9 Yrs,"Education
UG: Any Graduate
PG: Any Postgraduate","['Supply chain', 'Business process', 'Data analysis', 'Machine learning', 'Network security', 'Data structures', 'Troubleshooting', 'SQL', 'Python']"
Not Mentioned,Infiniti Research Marketing Solutions India  Priva  Te Limited,Hybrid - Bengaluru,Not disclosed,"Role & responsibilities . 3 to 5 years of experience as a Data Scientist, with a strong...",3-6 Yrs,"Education
UG: B.Tech/B.E. in Any Specialization",['Not Mentioned']
Not Mentioned,Not Mentioned,Bengaluru,Not disclosed,   About Us          Gravity is a design and innovation consulting firm with a vision f...,4-5 Yrs,"Education
UG: Any Graduate
PG: Any Postgraduate","['Computer vision', 'GCP', 'Analytical', 'Consulting', 'Machine learning', 'Debugging', 'Product design', 'Natural language processing', 'Python']"
Not Mentioned,Not Mentioned,Maharashtra,Not disclosed,"This role involves hands-on experience with SAS, R, Python, and various data mining and...",2-6 Yrs,"Education
UG: B.Tech/B.E. in Production/Industrial
PG: M.Tech in Electronics/Telecommunication, MCA in Computers, MBA/PGDM in Marketing
Doctorate: Doctorate Not Required","['Visualization', 'Power BI', 'data mining', 'Data Management', 'predictive analytics', 'Data Analysis', 'statistical modelling', 'SAS Programming', 'Tableau', 'machine learning', 'Python']"
Not Mentioned,Not Mentioned,Noida,Not disclosed,. We are looking for a talented and motivated Data Scientist with 3-5 years of experien...,3-5 Yrs,"Education
UG: Any Graduate
PG: Any Postgraduate, LLM in Law","['Computer science', 'deep learning', 'data science', 'Neural networks', 'Analytical', 'Machine learning', 'power bi', 'Natural language processing', 'Python', 'text analytics']"
Not Mentioned,KR Mroads India,Hyderabad,Not disclosed,  We are seeking an experienced and visionary Senior Data Scientist to join our team in...,5-7 Yrs,"Education
UG: Any Graduate
PG: Any Postgraduate","['Computer science', 'Computer vision', 'deep learning', 'Version control', 'GIT', 'data science', 'Machine learning', 'Natural language processing', 'Information technology', 'Python']"
Not Mentioned,Launch It Consulting,Hyderabad,Not disclosed,Shift timings: Overlapping US hours. Years of experience: 4+ Years. We are looking for ...,4-9 Yrs,"Education
UG: Any Graduate",['Not Mentioned']
Not Mentioned,Rarr Technologies,Remote,Not disclosed,Experience of strong communication skills and experience in managing various stakeholde...,14-20 Yrs,"Education
UG: Any Graduate
PG: Any Postgraduate","['Consulting', 'Cloud', 'Programming', 'Data processing', 'Transformers', 'Deployment', 'Architecting', 'Management', 'AWS', 'Python']"
Not Mentioned,Zeblearn India,Noida,Not disclosed,   We are in search of a Data Scientist to analyze complex data sets and provide action...,3-7 Yrs,"Education
UG: Any Graduate
PG: Any Postgraduate",['Data Scientist']
Not Mentioned,EXL,"Noida, Delhi / NCR",5-13 Lacs PA,"Qualifications: Bachelors or Masters degree in Computer Science, Data Science, Machine ...",4-7 Yrs,Not Mentioned,['Not Mentioned']
Not Mentioned,Royal Cyber,Saudi Arabia,35-60 Lacs PA,"Qualifications: . Bachelors or Masters degree in Data Science, Computer Science, Statis...",8-13 Yrs,"Education
UG: Any Graduate","['Tensorflow', 'NLP', 'PyTorch', 'architecture design', 'Natural Language Processing', 'AI', 'Statistical Modeling', 'Computer Vision', 'Data Analytics', 'Deep Learning', 'ML']"
Not Mentioned,Sanofi,Hyderabad,Not disclosed,Exposure to training and certification pathways for technical and functional skills fro...,2-5 Yrs,"Education
UG: Any Graduate
PG: Any Postgraduate","['Computer science', 'Data analysis', 'Business analysis', 'Coding', 'Agile', 'Healthcare', 'Informatica', 'Analytics', 'SQL', 'Python']"
Not Mentioned,Newt Global,Chennai,Not disclosed,"At Newt Global, our Mobile CoE is focused on providing innovative solutions and globall...",6-11 Yrs,"Education
UG: Any Graduate",['Machine Learning']
Not Mentioned,Arcelormittal,"Hyderabad, Ahmedabad, Delhi / NCR",Not disclosed,"Graduates from Tier 1 Institutes of India (e.g., IITs, IIMs, ISBs) with a robust academ...",12-18 Yrs,"Education
UG: Any Graduate
PG: Any Postgraduate","['Data Science', 'Big Data Analytics', 'Data Analytics', 'Predictive Analytics']"
Not Mentioned,Rarr Technologies,Kolkata,Not disclosed,Should have experience in working in a fast-paced team culture Should be a data-oriente...,6-12 Yrs,"Education
UG: Any Graduate
PG: Any Postgraduate","['C++', 'data science', 'Analytical', 'Machine learning', 'Hadoop', 'microsoft', 'Business intelligence', 'Forecasting', 'SQL', 'Python']"
Not Mentioned,Hexacorp Technical Services,Chennai,Not disclosed,"Qualifications: Bachelors degree in Computer Science, Mathematics, Statistics, or a rel...",6-10 Yrs,"Education
UG: Any Graduate
PG: Any Postgraduate","['Cloud computing', 'Data analysis', 'Data modeling', 'Database design', 'Agile', 'Visual Studio', 'Data mining', 'SQL', 'Python']"
Not Mentioned,Snva Ventures,Pune,Not disclosed,   We are looking for a Data Scientist to come and work on our growing AI stack.   You ...,1-5 Yrs,"Education
UG: Any Graduate
PG: Any Postgraduate","['Computer vision', 'deep learning', 'Translation', 'Artificial Intelligence', 'Finance', 'Machine learning', 'Auditing']"
Not Mentioned,Sanofi,Hyderabad,Not disclosed,Hands on experience building generative AI and ML applications in a production environm...,3-5 Yrs,"Education
UG: Any Graduate
PG: Any Postgraduate","['Training', 'Computer science', 'data science', 'Diversity and Inclusion', 'Agile development', 'Artificial Intelligence', 'Machine learning', 'Healthcare', 'Informatica', 'System development']"
Not Mentioned,Collective S,Hyderabad,4.5-6.5 Lacs PA,"Must have Python knowledge, JavaScript frameworks BI - Dash, Grafana, PowerBI, Spotfire...",1-3 Yrs,"Education
UG: BCA in Computers, B.Tech/B.E. in Electronics/Telecommunication, Computers, Electrical","['Machine Learning Algorithms', 'numpy', 'Software Design', 'Pycharm']"
Not Mentioned,Not Mentioned,Remote,3.5-4.25 Lacs PA,"Technical Skills Required: . Bachelors or master s degree in data science, Statistics, ...",6-10 Yrs,"Education
UG: Any Graduate","['Data Science', 'Hadoop', 'Machine Learning']"
Not Mentioned,Not Mentioned,Chennai,Not disclosed,"Bachelors or masters degree in data science, Statistics, Computer Science, or related f...",6-11 Yrs,"Education
UG: Any Graduate","['Data Science', 'Artificial Intelligence']"
Not Mentioned,Not Mentioned,Chennai,10-15 Lacs PA,"Knowledge and experience in Python, C++, R, or other relevant programming experience an...",4-6 Yrs,"Education
UG: Any Graduate","['Machine Learning', 'Deep Learning']"
Not Mentioned,Not Mentioned,Chennai,Not disclosed,"Proficient understanding of code versioning tools, such as GitHub, Bitbucket, ADOLocati...",4-6 Yrs,"Education
UG: Any Graduate","['Java', 'AIML', 'Python']"
Not Mentioned,Not Mentioned,Bengaluru,Not disclosed,Collaborative mindset with strong independent research abilities . Bachelors in compute...,0-3 Yrs,"Education
UG: Any Graduate
PG: MBA/PGDM in Marketing","['Computer science', 'C++', 'Data management', 'Simulation', 'Data collection', 'market data', 'Analytics', 'SQL', 'Python', 'performance measurement']"
Not Mentioned,Nityo Infotech,"Kolkata, Mumbai, New Delhi, Hyderabad, Pune, Chennai, Bengaluru",Not disclosed,"Experience: 3-4 years of proven experience in data science, AI / ML field . Education: ...",3-7 Yrs,"Education
UG: Any Graduate
PG: Any Postgraduate","['Computer science', 'C++', 'Neural networks', 'Analytical', 'Machine learning', 'Data collection', 'data visualization', 'Data mining', 'SQL', 'Python']"
Not Mentioned,Intelliest Technology,Bengaluru,Not disclosed,"Experience in building Knowledge Graph using Graph Database such as AWS Neptune, Neo4j,...",7-12 Yrs,"Education
UG: Any Graduate","['Gen AI', 'Data Scientist', 'Deep Learning']"
Not Mentioned,Thoucentric,Hybrid - Bengaluru,Not disclosed,"Bachelors degree in a quantitative discipline, preferably Computer Science masters degr...",1-4 Yrs,Not Mentioned,['Not Mentioned']
Not Mentioned,Franklin templeton asset management (india)pvt,Bengaluru,Not disclosed,"Work Shift Timings - 2:00 PM - 11:00 PM IST .  . Proficiency in Python, R, or SQL, with...",2-4 Yrs,"Education
UG: Any Graduate
PG: Any Postgraduate","['Mining', 'Product management', 'Data analysis', 'Wealth management', 'Analytical', 'Data collection', 'Asset management', 'Monitoring', 'Investment', 'SQL']"
Not Mentioned,Not Mentioned,Bengaluru,Not disclosed,"Bachelors or masters degree in economics, Computer Science, Statistics, Mathematics, or...",2-4 Yrs,"Education
PG: MS/M.Sc(Science) in Maths, Statistics","['Predictive Modeling', 'Statistical Modeling', 'Predictive Analytics']"
Not Mentioned,Not Mentioned,"Kolkata, Bengaluru",Not disclosed,"Skills and Qualifications: Education: Masters in computer science, Statistics, Mathemat...",6-8 Yrs,"Education
UG: B.Tech/B.E. in Any Specialization
PG: M.Tech in Any Specialization, MS/M.Sc(Science) in Any Specialization
Doctorate: Doctorate Not Required","['Predictive Modeling', 'Azure', 'GCP', 'Data Scientist', 'Hadoop', 'Spark', 'Python Programming', 'AWS', 'Python', 'SQL']"
Not Mentioned,Navikenz,Remote,Not disclosed,"Masters / Bachelors in Computer Science, Mathematics, Statistics, AI, Data Science or r...",5-8 Yrs,"Education
UG: Any Graduate
PG: Any Postgraduate
Doctorate: Any Doctorate","['Tensorflow', 'Pytorch', 'Machine Learning', 'Deep Learning', 'Scikit-Learn', 'Python']"
Not Mentioned,Not Mentioned,"Hyderabad, Bengaluru",Not disclosed,Experience: 5 - 7 Years  5-7 years of experience in Data Science or related field with ...,5-7 Yrs,"Education
UG: Graduation Not Required","['Tensorflow', 'Pyspark', 'Artificial Intelligence', 'Natural Language Processing', 'Neural Networks', 'Deep Learning', 'NLP', 'Image Processing', 'Computer Vision', 'AWS', 'Python']"
Not Mentioned,Sagility India,Bengaluru,Not disclosed,"Shift Timing - 11 AM to 8 PM Experience preferably in the context of NLP, Machine Learn...",3-7 Yrs,"Education
UG: Any Graduate",['Not Mentioned']
Not Mentioned,Automotive Robotics (ARI),"Chennai, Bengaluru",Not disclosed,The candidate should have at least 2-4 years of working experience in the area of AI.Th...,2-5 Yrs,"Education
UG: B.Tech/B.E. in Any Specialization
PG: M.Tech in Any Specialization, MCA in Any Specialization","['Gen AI', 'MLOps', 'PyTorch', 'Reinforcement Learning', 'Deep Learning', 'TensorFlow']"
Not Mentioned,Velocitai Digital,Bengaluru,30-40 Lacs PA," Data Scientist (Preferably based in Bangalore, but if not possible, a remote opportuni...",5-10 Yrs,"Education
UG: B.Tech/B.E. in Any Specialization","['Pyspark', 'Data Pipeline', 'Statistical Modeling']"
Not Mentioned,Ltimindtree,"Hybrid - Kolkata, Chennai, Bengaluru",Not disclosed,Should have experience in working in a fast-paced team cultureShould be a data-oriented...,6-11 Yrs,"Education
UG: Any Graduate","['Natural Language Processing', 'RAG', 'LLM', 'Deep Learning', 'Python']"
Not Mentioned,Idc Engineering,Bengaluru,Not disclosed,Job Description: Data ScientistExperience: 6 - 10 YearsLocation: Bangalore & ChennaiNot...,6-10 Yrs,"Education
UG: Any Graduate",['Azure Cloud']
Not Mentioned,Sagality India,"Bengaluru, Mumbai (All Areas)",Not disclosed,"Roles and ResponsibilitiesDesign, develop, and deploy data science solutions using Pyth...",3-5 Yrs,"Education
UG: Any Graduate",['Not Mentioned']
Not Mentioned,Volvo Auto,Bengaluru,Not disclosed," Lets create the future together.   At Volvo Cars, we believe that being curious and tr...",5-7 Yrs,"Education
UG: Any Graduate
PG: Any Postgraduate","['orchestration', 'GCP', 'Analytical', 'Data quality', 'Continuous improvement', 'Business intelligence', 'Operations', 'Analytics', 'Python']"
Not Mentioned,Not Mentioned,Bengaluru,Not disclosed,Job Description   Data Scientist  Seeking a Data Scientist to analyze large datasets an...,3-7 Yrs,"Education
UG: Any Graduate
PG: Any Postgraduate","['time series analysis', 'python', 'natural language processing', 'neural networks', 'machine learning', 'deep learning', 'data science', 'predictive modeling', 'computer vision', 'statistical modeling', 'text mining', 'logistic regression', 'statistics', 'pattern recognition']"
Not Mentioned,Ennoventure Technologies,Bengaluru,Not disclosed,Minimum of 4+ years of hands-on work experience in computer vision and machine learning...,3-7 Yrs,"Education
UG: Any Graduate
PG: Any Postgraduate","['Computer vision', 'advanced analytics', 'data science', 'Data management', 'Machine learning', 'Data processing', 'data integrity', 'Python']"
Not Mentioned,Ecolab Digital Center (EDC),Bengaluru,Not disclosed,"Education / Work Experience:Degree or advanced degree in data science, mathematics, sta...",2-5 Yrs,"Education
UG: Any Graduate
PG: Any Postgraduate","['Computer science', 'Basic', 'Data analysis', 'data science', 'Project management', 'Deployment', 'Mathematics', 'Research', 'Statistics', 'Supervision']"
Not Mentioned,Bank Of America,Hyderabad,Not disclosed,"       As an analyst, Individual will be part of the Global Risk Analytics will work in...",5-8 Yrs,"Education
UG: B.Tech/B.E. in Any Specialization, Any Graduate
PG: M.Tech in Any Specialization","['Performance tuning', 'Data analysis', 'Wealth management', 'Risk analytics', 'Analytical', 'Consulting', 'Production Manager', 'Risk management', 'Data mining', 'SQL']"
Not Mentioned,Response Informatics,"Kolkata, Mumbai, New Delhi, Hyderabad, Pune, Chennai, Bengaluru",Not disclosed,Strong hands-on experience in Reinforcement Learning and machine learning AWS Azure dep...,2-6 Yrs,"Education
UG: Any Graduate
PG: Any Postgraduate","['Coding', 'Technical writing', 'Neural networks', 'data manipulation', 'Machine learning', 'Cloud', 'Data processing', 'AWS', 'Supervision', 'Python']"
Not Mentioned,Response Informatics,"Kolkata, Mumbai, New Delhi, Hyderabad, Pune, Chennai, Bengaluru",Not disclosed,"Experience with model evaluation techniques such as cross-validation, hyperparameter tu...",2-6 Yrs,"Education
UG: Any Graduate
PG: Any Postgraduate","['Training', 'Coding', 'Technical writing', 'Neural networks', 'data manipulation', 'Machine learning', 'Cloud', 'Data processing', 'Supervision', 'Python']"
Not Mentioned,Faurecia,Pune,Not disclosed,"    Forvia, a sustainable mobility technology leader     We pioneer technology for mobi...",3-5 Yrs,"Education
UG: Any Graduate
PG: Any Postgraduate","['Computer vision', 'deep learning', 'Data analysis', 'Artificial Intelligence', 'Machine learning', 'Manager Technology', 'Agile', 'Automotive', 'Python']"
Not Mentioned,Collegedunia,Gurugram,Not disclosed,"Collecting, cleaning, and organizing data from various sources.Possessing a strong unde...",0-2 Yrs,"Education
UG: B.Tech/B.E. in Any Specialization
PG: M.Tech in Any Specialization
Doctorate: Doctorate Not Required","['AI Techniques', 'R', 'Data Scientist', 'Machine Learning', 'Python']"
Not Mentioned,Growthjockey,Gurugram,Not disclosed,"Master s Degree in Computer Science, Statistics, Applied Math or related field . 0-1 ye...",0-1 Yrs,"Education
UG: Any Graduate
PG: Any Postgraduate","['Computer science', 'Data analysis', 'SAS', 'Machine learning', 'Data structures', 'Data processing', 'Predictive modeling', 'Pattern recognition', 'Data mining', 'Python']"
Not Mentioned,Indusind Bank,Gurugram,Not disclosed,(b) transform existing lines of businesses and . (c) build new digital only or banking ...,6-10 Yrs,"Education
UG: B.Tech/B.E. in Any Specialization","['Banking Analytics', 'Customer Analytics', 'Python', 'SQL']"
Not Mentioned,Not Mentioned,"Hybrid - Hyderabad, Pune, Bengaluru",Not disclosed,"Experience in designing solutions utilizing GenerativeAI, AI and ML components. - Hands...",5-10 Yrs,"Education
UG: Any Graduate
PG: Any Postgraduate","['Natural Language Processing', 'gen AI', 'Machine Learning', 'Python']"
Not Mentioned,Not Mentioned,"Hyderabad, Chennai, Bengaluru",Not disclosed," Modeling, developing, validating, robotics/agent-oriented software solutions Core stat...",5-10 Yrs,"Education
UG: Any Graduate",['Not Mentioned']
Not Mentioned,Not Mentioned,"Hyderabad, Bengaluru, Delhi / NCR",Not disclosed,"Could also include but not limited to deep learning, neural networks, chatbots, image p...",6-11 Yrs,"Education
UG: B.Tech/B.E. in Any Specialization","['GCP', 'Natural Language Processing', 'Aws Sagemaker', 'Aiml', 'Computer Vision', 'Machine Learning', 'Deep Learning', 'Python']"
Not Mentioned,Not Mentioned,Bengaluru,Not disclosed,"Masters in CS, Statistics, Math, or a related field (or Bachelors with significant expe...",5-10 Yrs,"Education
UG: Any Graduate","['Tensorflow', 'AWS Bedrock', 'Data Wrangling', 'LLAMA', 'Ml Algorithms', 'Scikit-Learn', 'Pytorch', 'GCP', 'GCP Vertex AI', 'Sonnet', 'AWS', 'statistical methods']"
Not Mentioned,Not Mentioned,Bengaluru,Not disclosed,". Masters Degree or PhD in the fields of Computer Science, Statistics, or an equivalent...",3-5 Yrs,"Education
UG: B.Tech/B.E. in Any Specialization","['Deep learning', 'Predictive Modeling', 'NLP', 'Statistical Modeling']"
Not Mentioned,Not Mentioned,Mumbai (All Areas),15-30 Lacs PA,"6-7 Yrs max exp must have at least 3 yrs of team lead exp minimum 3 team members , Skil...",6-11 Yrs,"Education
PG: MS/M.Sc(Science)","['Data Science', 'Data Bricks', 'Analytics']"
Not Mentioned,Vizlogic Digital Solutions Pvt Ltd,"Hybrid - Gurugram, Mumbai (All Areas)",6-12 Lacs PA,Proficient in Power BI Azure Databricks experience,3-5 Yrs,"Education
UG: B.Tech/B.E. in Any Specialization
PG: MCA in Any Specialization","['Data Werehousing', 'Azure Data Factory', 'Power Bi', 'Storytelling', 'Azure Databricks', 'Data Lake']"
Not Mentioned,Not Mentioned,"Hybrid - Noida, Gurugram, Bengaluru",Not disclosed,We are looking for Data Scientist and having hands on Experience with Model development...,3-5 Yrs,"Education
UG: Any Graduate","['Ml', 'DS']"
Not Mentioned,Not Mentioned,"Hybrid - Gurugram, Bengaluru",11-20 Lacs PA,Role & responsibilities  Data Scientist+ Model development + MLOPS + Python + SQL Prefe...,3-8 Yrs,"Education
UG: Any Graduate","['MLOPS', 'Model Development', 'Python', 'SQL']"
Not Mentioned,Uplers,Remote,35-60 Lacs PA,"Data Scientist Experience: 5+ yearsSalary : Upto USD 74, 400 / yearExpected Notice Peri...",5-7 Yrs,"Education
UG: Any Graduate","['Data Science', 'Predictive Modeling', 'R', 'Scala', 'Natural Language Processing', 'Python', 'SQL']"
Not Mentioned,Not Mentioned,Hyderabad,Not disclosed,". Master s or PhD in Data Science, Statistics, Economics, Applied Mathematics, or a rel...",4-9 Yrs,"Education
UG: Any Graduate
PG: Any Postgraduate","['Supply chain', 'Cloud computing', 'data science', 'Time series analysis', 'Demand forecasting', 'Consulting', 'Machine learning', 'Data collection', 'Data structures', 'Python']"
Not Mentioned,Not Mentioned,Hyderabad,Not disclosed,". Master s or PhD in Data Science, Statistics, Economics, Applied Mathematics, or a rel...",4-9 Yrs,"Education
UG: Any Graduate
PG: Any Postgraduate","['Supply chain', 'Cloud computing', 'data science', 'Time series analysis', 'Demand forecasting', 'Consulting', 'Machine learning', 'Data collection', 'Data structures', 'Python']"
Not Mentioned,Rarr Technologies,Faridabad,Not disclosed,Should have experience in working in a fast-paced team culture Should be a data-oriente...,10-16 Yrs,"Education
UG: Any Graduate
PG: Any Postgraduate","['C++', 'data science', 'Analytical', 'Machine learning', 'Cloud', 'microsoft', 'Business intelligence', 'Forecasting', 'SQL', 'Python']"
Not Mentioned,Rarr Technologies,Faridabad,Not disclosed,Should have experience in working in a fast-paced team culture Should be a data-oriente...,6-12 Yrs,"Education
UG: Any Graduate
PG: Any Postgraduate","['C++', 'data science', 'Analytical', 'Machine learning', 'Hadoop', 'microsoft', 'Business intelligence', 'Forecasting', 'SQL', 'Python']"
Not Mentioned,Precisely,Noida,Not disclosed,   Precisely is the leader in data integrity. We empower businesses to make more confid...,1-3 Yrs,"Education
UG: Any Graduate
PG: Any Postgraduate","['Text mining', 'Analytical', 'Artificial Intelligence', 'Machine learning', 'data integrity', 'Open source', 'Data mining', 'SQL', 'Python']"
Not Mentioned,Kion India,Pune,Not disclosed,"Bachelor s or Master s degree in Data Science, Computer Science, Engineering, or a rela...",2-4 Yrs,"Education
UG: Any Graduate
PG: Any Postgraduate","['Process optimization', 'Machine learning', 'Data collection', 'Data processing', 'data integrity', 'Manager Quality Control', 'Analytics', 'SQL', 'Python']"
Not Mentioned,Quantium Analytics,Hyderabad,Not disclosed,"Your contributions resonate, regardless of your role or rank. On top of the Quantium Ex...",4-8 Yrs,"Education
UG: Any Graduate
PG: Any Postgraduate","['Health insurance', 'Operations Manager', 'Coding', 'Analytical', 'Consulting', 'Data processing', 'Actuarial', 'Analytics', 'Product support', 'SQL']"
Not Mentioned,Quantium Analytics,Hyderabad,Not disclosed,"Pipeline Design Maintenance Experience in designing, implementing, and maintaining larg...",4-8 Yrs,"Education
UG: Any Graduate
PG: Any Postgraduate","['Health insurance', 'Coding', 'Analytical', 'Consulting', 'Healthcare', 'Data processing', 'Actuarial', 'Data quality', 'Analytics', 'SQL']"
Not Mentioned,Ciklum,Hybrid - Chennai,Not disclosed,Ciklum is looking for a Expert Data Scientist to join our team full-time in India.We ar...,6-10 Yrs,"Education
UG: BCA in Computers, B.Sc in Computers, B.Tech/B.E. in Computers
PG: MCA in Computers, MS/M.Sc(Science) in Computers, M.Tech in Computers",['Tableau']
Not Mentioned,Ltimindtree,Hybrid - Kolkata,Not disclosed,"- More than 5 years of experience in Data Engineering, Data Science and AI / ML domain....",6-11 Yrs,"Education
UG: Any Graduate","['Predictive Modeling', 'Natural Language Processing', 'Machine Learning', 'Deep Learning']"
Not Mentioned,Xorosoft Technologies,Mohali,Not disclosed,"Education: . Bachelors or Masters degree in Data Science, Computer Science, or related ...",4-6 Yrs,"Education
UG: B.Tech/B.E. in Any Specialization, Any Graduate","['Hadoop', 'Spark', 'Data Modeling', 'Machine Learning', 'SQL']"
Not Mentioned,Ltimindtree,Hybrid - Kolkata,Not disclosed,We are having a weekend drive for the requirement of a Data Scientist at our LTIM Kolka...,6-11 Yrs,"Education
UG: B.Tech/B.E. in Any Specialization","['RAG', 'Deep Learning']"
Not Mentioned,Anantara Solutions,Remote,Not disclosed,We are seeking a skilled and experienced Data Scientist with a minimum of 3 years of ex...,3-8 Yrs,"Education
UG: Any Graduate",['Not Mentioned']
Not Mentioned,Globant,"Hybrid - Hyderabad, Pune",Not disclosed, We are hiring strategic Data Scientists to join our Data & AI Studio. Our expertise al...,5-10 Yrs,Not Mentioned,['Not Mentioned']
Not Mentioned,PopcornApps,Hyderabad,Not disclosed,"Work-Life Balance Accellor prioritizes work-life balance, which is why we offer flexibl...",3-6 Yrs,"Education
UG: Any Graduate
PG: Any Postgraduate","['Telecom', 'Development Manager', 'Consulting', 'Machine learning', 'Healthcare', 'Data quality', 'Data mining', 'SQL', 'Python', 'Customer interaction']"
Not Mentioned,Quantium Analytics,Hyderabad,Not disclosed,". What could your Quantium Experience look like . Your contributions resonate, regardle...",5-9 Yrs,"Education
UG: Any Graduate
PG: Any Postgraduate","['Health insurance', 'People development', 'Coding', 'Analytical', 'Consulting', 'Actuarial', 'healthcare analytics', 'Project delivery', 'Analytics', 'SQL']"
Not Mentioned,Quantium Analytics,Hyderabad,Not disclosed,"Pipeline Design Maintenance Experience in designing, implementing, and maintaining larg...",3-8 Yrs,"Education
UG: Any Graduate
PG: Any Postgraduate","['Health insurance', 'Coding', 'Analytical', 'Consulting', 'Healthcare', 'Data processing', 'Actuarial', 'Data quality', 'Analytics', 'SQL']"
Not Mentioned,Amnet Digital,Hybrid - Hyderabad,Not disclosed,The ideal candidate will possess a strong foundation in the fundamentals and concepts o...,4-7 Yrs,"Education
UG: Any Graduate","['Natural Language Processing', 'Machine Learning', 'Deep Learning']"
Not Mentioned,Tanla Platforms,Hyderabad,Not disclosed, Location:- HyderabadMode of Work :- Work from Office (WFO)Job Description:- Youll be R...,3-8 Yrs,"Education
UG: B.Tech/B.E. in Any Specialization","['Tensorflow', 'Sklearn', 'R', 'PyTorch', 'Pandas', 'Keras', 'Numpy', 'Ml']"
Not Mentioned,Anarock Property Consultants,Mumbai (All Areas),9-12 Lacs PA,Role & responsibilities  The person will be a key member of the AIML business teamThe c...,4-9 Yrs,"Education
UG: Any Graduate","['Data Science', 'Business Consulting', 'Aiml', 'Reporting', 'Monitoring']"
Not Mentioned,Not Mentioned,Hyderabad,Not disclosed,"Good knowledge and understanding of LLM and its techniques, like RAG, RLHF, Prompt Tuni...",4-7 Yrs,"Education
UG: Any Graduate
PG: LLM in Law, Any Postgraduate","['Computer science', 'Data analysis', 'NoSQL', 'Data management', 'Machine learning', 'data visualization', 'Business intelligence', 'Data mining', 'MATLAB', 'Python']"
