Job_Title,Company,City,Salary,Description,Experience,Education,Skills,min_salary,max_salary,min_exp,max_exp
not mentioned,not mentioned,"['mumbai', ' delhi / ncr', ' bengaluru']",not disclosed,preferred skills : exposure to signal processing concepts and sensor data handling. loc...,6-11 yrs,"education
ug: any graduate
pg: any postgraduate
doctorate: ph.d/doctorate in any specialization","['tensorflow', 'c++', 'dnn', 'artificial intelligence', 'deep learning', 'sensor', 'signal processing', 'python', 'algorithm design']",17.5,27.5,6.0,11.0
not mentioned,not mentioned,['bengaluru'],not disclosed,5 - 5 years of relevant machine learning experience. . - b tech from tier-1 college i.e...,3-5 yrs,"education
ug: b.tech/b.e. in any specialization
pg: any postgraduate
doctorate: doctorate not required","['data science', 'predictive modeling', 'scipy', 'generative ai', 'data scientist', 'pyspark', 'pandas', 'statistical modeling', 'big data', 'numpy', 'python']",17.5,27.5,3.0,5.0
not mentioned,not mentioned,"['kolkata', ' mumbai', ' new delhi', ' hyderabad', ' pune', ' chennai', ' bengaluru']",not disclosed,prudential corporation asia is looking for senior machine learning engineer to join our...,4-9 yrs,"education
ug: any graduate
pg: any postgraduate","['algorithms', 'python', 'modeling', 'natural language processing', 'neural networks', 'data pipeline', 'machine learning', 'artificial intelligence', 'scalability', 'deep learning', 'ml algorithms', 'predictive modeling', 'computer vision', 'troubleshooting', 'machine learning algorithms', 'ml']",17.5,27.5,4.0,9.0
not mentioned,"godaddy operating company, llc","['kolkata', ' mumbai', ' new delhi', ' hyderabad', ' pune', ' chennai', ' bengaluru']",not disclosed,"mid-level : 4+ years of experience, including 2+ years in machine learning or related f...",1-5 yrs,"education
ug: any graduate
pg: any postgraduate","['computer vision', 'version control', 'orchestration', 'django', 'artificial intelligence', 'machine learning', 'programming', 'healthcare', 'e-commerce', 'python']",17.5,27.5,1.0,5.0
not mentioned,not mentioned,['delhi / ncr'],not disclosed,"proficient in python, tensorflow, pytorch, and other relevant ml librariesthis role req...",5-6 yrs,"education
ug: any graduate
pg: any postgraduate","['pytorch', 'computer vision', 'ai', 'machine learning engineer', 'llm', 'python', 'tensorflow']",17.5,27.5,5.0,6.0
not mentioned,omnie solutions,['noida'],10-20 lacs pa,. we are seeking a highly skilled and motivated data science & machine learning develop...,3-7 yrs,"education
ug: b.tech/b.e. in any specialization","['enterprise search', 'chatbot', 'ai', 'cloud', 'machine learning', 'aws lex', 'conversational ai', 'vector', 'vector database', 'aws', 'ml', 'azure']",10.0,20.0,3.0,7.0
not mentioned,not mentioned,"['noida', ' gurugram']",not disclosed,principal data scientist/senior data scientist/data scientist - nlp/machine learningpri...,0-5 yrs,not mentioned,"['ann', 'deep learning', 'ai modelling', 'cnn', 'nlp', 'rnn', 'natural language processing', 'ai data modelling']",17.5,27.5,0.0,5.0
not mentioned,avalara,"['kolkata', ' mumbai', ' new delhi', ' hyderabad', ' pune', ' chennai', ' bengaluru']",not disclosed,"   join our dynamic team as  an  engineer specializing in ai & machine learning, where ...",5-10 yrs,"education
ug: any graduate
pg: any postgraduate","['computer vision', 'cloud computing', 'analytical', 'artificial intelligence', 'machine learning', 'debugging', 'conceptualization', 'data structures', 'python']",17.5,27.5,5.0,10.0
not mentioned,not mentioned,['remote'],35-45 lacs pa,"experience in programming skills in python, langchain and sql is a mustperform business...",10-20 yrs,"education
ug: any graduate","['prompt engineering', 'generative ai', 'machine learning', 'deep learning', 'numpy', 'python']",35.0,45.0,10.0,20.0
not mentioned,not mentioned,"['kolkata', ' bengaluru', ' delhi / ncr']",not disclosed,educational qualification : 15 years full time educationdesign and implement technology...,5-10 yrs,"education
ug: any graduate","['power bi', 'artificial intelligence', 'natural language processing', 'machine learning algorithms', 'computer vision', 'deep learning']",17.5,27.5,5.0,10.0
not mentioned,not mentioned,"['noida', ' pune', ' bengaluru']",6-16 lacs pa,preferred location- . dob-. pan number-. kindly acknowledge the mail for the confirmati...,4-9 yrs,"education
ug: b.tech/b.e. in any specialization
pg: m.tech in any specialization, ms/m.sc(science) in any specialization, mca in any specialization, mba/pgdm in any specialization",['not mentioned'],6.0,16.0,4.0,9.0
not mentioned,not mentioned,"['hybrid - gurugram', ' bengaluru', ' delhi / ncr']",25-40 lacs pa,role - ml modeling data science/analyticslocation -  gurgaon/bangalore notice period- i...,4-9 yrs,"education
ug: any graduate","['logistic regression', 'decision tree', 'naive bayes', 'xgboost', 'linear regression', 'regression', 'neural networks', 'svm', 'random forest']",25.0,40.0,4.0,9.0
not mentioned,nurture agtech limited,['bengaluru(bellandur)'],25-32.5 lacs pa,"about usnurture.farm aspires to bring technology, digitization and best scientific prac...",6-11 yrs,not mentioned,['not mentioned'],25.0,32.0,6.0,11.0
not mentioned,not mentioned,"['hyderabad', ' bengaluru']",not disclosed,qualifications . a bachelor or master s degree with 6 years of experience within a star...,5-9 yrs,"education
ug: any graduate
pg: any postgraduate","['linux', 'artificial intelligence', 'machine learning', 'agile', 'healthcare', 'data quality', 'scrum', 'sql', 'python']",17.5,27.5,5.0,9.0
not mentioned,not mentioned,['noida'],not disclosed," position: ai & ml lead - conversational ai systemrole overview: as the ai & ml lead, y...",6-11 yrs,"education
ug: b.tech/b.e. in any specialization","['aws cloud', 'cloud', 'aws']",17.5,27.5,6.0,11.0
not mentioned,paypal,['bengaluru'],not disclosed,as a machine learning engineer you will be leading the india seller risk ml team.     y...,5-9 yrs,"education
ug: any graduate
pg: any postgraduate","['computer science', 'data science', 'coding', 'risk assessment', 'machine learning', 'wellness', 'data mining', 'financial services', 'sql', 'python']",17.5,27.5,5.0,9.0
not mentioned,capgemini,['chennai'],not disclosed,the role of a machine learning professional involves applying machine learning techniqu...,4-8 yrs,"education
ug: any graduate
pg: any postgraduate","['python', 'data analysis', 'linux', 'data structures']",17.5,27.5,4.0,8.0
not mentioned,purecode software,['hyderabad'],not disclosed,build a must use developer tool for front-end engineers to build web software 100x fast...,3-5 yrs,"education
ug: b.tech/b.e. in any specialization
pg: llm in any specialization
doctorate: doctorate not required","['ml engineer', 'cometml', 'docker', 'mlflow', 'machine learning operations', 'ai researcher. ml developer']",17.5,27.5,3.0,5.0
not mentioned,ey,"['hybrid - chennai', ' bengaluru']",not disclosed,"jd below : . bachelors or masters degree in a quantitative field (cs, machine learning,...",5-8 yrs,"education
ug: b.tech/b.e. in any specialization
pg: m.tech in any specialization, mca","['predictive modeling', 'natural language processing', 'statistical modeling', 'ml', 'python', 'sql', 'predictive analytics']",17.5,27.5,5.0,8.0
not mentioned,not mentioned,['pune'],20-32.5 lacs pa,"  dear candidate, warm greetings from buzzworks!we are hiring machine learning engineer...",6-11 yrs,"education
ug: b.tech/b.e. in any specialization","['tensorflow', 'pytorch', 'gcp', 'vertex ai', 'natural language processing', 'aws', 'deep learning']",20.0,32.0,6.0,11.0
not mentioned,frontera health ,"['hybrid - panaji', ' bengaluru', ' delhi / ncr']",15-30 lacs pa, job descriptionwe seek a highly skilled machine learning engineer to join our ai team ...,1-5 yrs,"education
ug: b.tech/b.e. in any specialization
pg: ms/m.sc(science) in any specialization, m.tech in any specialization","['pytorch', 'algorithm development', 'cnn']",15.0,30.0,1.0,5.0
not mentioned,frontera health,"['hybrid - panaji', ' bengaluru', ' delhi / ncr']",25-40 lacs pa,"bachelors or masters degree in computer science, engineering, or a related fieldexperie...",4-9 yrs,"education
ug: b.tech/b.e. in computers
pg: m.tech in any specialization, ms/m.sc(science) in any specialization, other post graduate","['tensorflow', 'pytorch', 'code writing', 'computer vision', 'ml algorithms', 'code versioning tools']",25.0,40.0,4.0,9.0
not mentioned,merck,['bengaluru'],not disclosed,"experience with llm application development frameworks such as langchain, llamaindex, h...",4-9 yrs,"education
ug: any graduate
pg: llm in law","['version control', 'git', 'machine learning', 'agile', 'application development', 'open source', 'information technology', 'forecasting', 'monitoring']",17.5,27.5,4.0,9.0
not mentioned,cardinal health,['hybrid - bengaluru'],not disclosed,machine learning engineerdepartment overviewaugmented intelligence (augintel) builds au...,5-10 yrs,"education
ug: any graduate, b.tech/b.e. in any specialization","['tensorflow', 'decision tree', 'concourse', 'natural language processing', 'bayesian', 'neural networks', 'regression', 'clustering', 'jupiter notebook', 'jenkins', 'gen ai', 'probability networks']",17.5,27.5,5.0,10.0
not mentioned,diageo,['bengaluru'],not disclosed,"bachelor s or master s degree in computer science, data science, or a related field. 6 ...",6-8 yrs,"education
ug: any graduate
pg: any postgraduate","['analytical skills', 'data manipulation', 'spark', 'machine learning', 'agile', 'sez', 'big data', 'sql', 'python']",17.5,27.5,6.0,8.0
not mentioned,not mentioned,"['pune', ' bengaluru']",not disclosed,experience level: mid . about seva.ai . seva is an innovative digital platform designed...,4-6 yrs,"education
ug: any graduate","['container', 'artificial intelligence', 'natural language processing', 'machine learning', 'aws', 'deep learning']",17.5,27.5,4.0,6.0
not mentioned,nxtwave disruptive technologies,['hyderabad'],not disclosed,position: lead curriculum developer - data science & machine learningabout nxtwave: nxt...,4-8 yrs,"education
ug: b.tech/b.e. in computers","['communication skills', 'artificial intelligence', 'trainer', 'python']",17.5,27.5,4.0,8.0
not mentioned,not mentioned,['gurugram'],25-30 lacs pa,"must have exposure in designing, development and deployment machine learning algorithms...",2-6 yrs,"education
ug: any graduate","['tensorflow', 'artificial intelligence', 'natural language processing', 'machine learning developer', 'ml developer', 'ml algorithms', 'pytorch', 'image processing', 'machine learning algorithms', 'machine programming']",25.0,30.0,2.0,6.0
not mentioned,numentica,['remote'],unpaid,not mentioned,not mentioned,"education
ug: any graduate
pg: any postgraduate","['training', 'data analysis', 'intern', 'architecture', 'machine learning', 'data collection', 'model development', 'testing']",17.5,27.5,nan,nan
not mentioned,capgemini,['hyderabad'],not disclosed,the role of a machine learning professional involves applying machine learning techniqu...,3-6 yrs,"education
ug: any graduate
pg: any postgraduate","['algorithms', 'data analysis', 'machine learning engineer']",17.5,27.5,3.0,6.0
not mentioned,optisol business solutions,"['hybrid - madurai', ' chennai', ' coimbatore']",5-12 lacs pa,"bonus: experience in r&d, math, and statistics is a plus!",2-5 yrs,"education
ug: any graduate",['not mentioned'],5.0,12.0,2.0,5.0
not mentioned,tiger analytics,"['hybrid - hyderabad', ' chennai', ' bengaluru']",15-25 lacs pa,experience in devising creative analytical approaches to solve business problems develo...,6-10 yrs,"education
ug: any graduate
pg: any postgraduate","['pyspark', 'mlops', 'gcp', 'machine learning algorithms', 'machine learning', 'aws', 'azure']",15.0,25.0,6.0,10.0
not mentioned,cloudsek information security,['bengaluru'],not disclosed,"basic hands-on experience in databases like elasticsearch, mongodb, vectordbs, etc . st...",0-2 yrs,"education
ug: any graduate
pg: any postgraduate","['supply chain', 'automation', 'version control', 'git', 'artificial intelligence', 'machine learning', 'data processing', 'mongodb', 'monitoring', 'python']",17.5,27.5,0.0,2.0
not mentioned,brainlabs digital,"['kolkata', ' mumbai', ' new delhi', ' hyderabad', ' pune', ' chennai', ' bengaluru']",not disclosed,". we are looking for an experienced machine learning engineer to join our team, with 4-...",5-8 yrs,"education
ug: any graduate
pg: any postgraduate","['digital media', 'civil', 'data science', 'cloud services', 'machine learning', 'cloud', 'infrastructure', 'management', 'open source', 'aws']",17.5,27.5,5.0,8.0
not mentioned,brainlabs group of companies,"['kolkata', ' mumbai', ' new delhi', ' hyderabad', ' pune', ' chennai', ' bengaluru']",not disclosed,". we are looking for an experienced machine learning engineer to join our team, with 4-...",5-8 yrs,"education
ug: any graduate
pg: any postgraduate","['digital media', 'civil', 'data science', 'cloud services', 'machine learning', 'cloud', 'management', 'open source', 'aws']",17.5,27.5,5.0,8.0
not mentioned,motive,"['kolkata', ' mumbai', ' new delhi', ' hyderabad', ' pune', ' chennai', ' bengaluru']",not disclosed,   who we are:    motive empowers the people who run physical operations with tools to ...,1-4 yrs,"education
ug: any graduate
pg: any postgraduate","['computer science', 'computer vision', 'deep learning', 'c++', 'backend', 'machine learning', 'manager technology', 'robotics', 'python', 'logistics']",17.5,27.5,1.0,4.0
not mentioned,not mentioned,['hyderabad'],not disclosed,"major responsibilities- use machine learning, deep learning, reinforcement learning, st...",8-12 yrs,"education
ug: any graduate
pg: cs in any specialization
doctorate: ph.d/doctorate in any specialization","['unix', 'java', 'c++', 'linux', 'project management', 'phd', 'python', 'sql']",17.5,27.5,8.0,12.0
not mentioned,inmobi,['bengaluru'],not disclosed,"bachelors degree in computer science, data science, machine learning, statistics, or a ...",3-5 yrs,"education
ug: any graduate
pg: any postgraduate","['computer science', 'basic', 'nosql', 'data management', 'machine learning', 'hypothesis testing', 'weaving', 'statistics', 'sql', 'python']",17.5,27.5,3.0,5.0
not mentioned,visionyle solutions,['bengaluru'],not disclosed,bachelors with 9+ years or masters with 7+ years of experience in data science and ml (...,9-12 yrs,"education
ug: b.tech/b.e. in any specialization
pg: any postgraduate
doctorate: doctorate not required","['cnn', 'llms', 'lstms', 'dl', 'mlp', 'rnn', 'gradient boosting', 'aws sagemaker', 'forest']",17.5,27.5,9.0,12.0
not mentioned,verve,"['hybrid - pune', ' bengaluru']",not disclosed,a postgraduate degree in a relevant quantitative field (e.gstrong application and ml de...,5-10 yrs,"education
pg: ms/m.sc(science) in any specialization","['data science', 'real time algorithms', 'ml systems', 'ml algorithms', 'python']",17.5,27.5,5.0,10.0
not mentioned,glance,['bengaluru'],not disclosed,or bachelors with additional experienceexcellent technical and business communication s...,3-6 yrs,"education
ug: any graduate
pg: any postgraduate","['cloud computing', 'product engineering', 'machine learning', 'conceptualization', 'agile', 'product design', 'analytics', 'python', 'android']",17.5,27.5,3.0,6.0
not mentioned,avataar.ai,['bengaluru'],not disclosed,"    as an applied ml engineer, you will be developing product features leveraging the l...",6-9 yrs,"education
ug: any graduate
pg: any postgraduate","['machine learning', 'deployment']",17.5,27.5,6.0,9.0
not mentioned,xcellence it,['surat'],not disclosed,"bachelor s or master s degree in computer science, machine learning, artificial intelli...",2-6 yrs,"education
ug: any graduate
pg: any postgraduate","['computer science', 'cloud computing', 'data analysis', 'data science', 'gcp', 'artificial intelligence', 'machine learning', 'natural language processing', 'research', 'python']",17.5,27.5,2.0,6.0
not mentioned,innowise,['pune'],not disclosed,very strong willingness and ability to learn autonomously and together with the team (e...,2 yrs,"education
ug: any graduate
pg: any postgraduate","['data analysis', 'data science', 'kpi', 'artificial intelligence', 'project management', 'machine learning', 'manager technology', 'business case', 'robotics', 'python']",17.5,27.5,nan,nan
not mentioned,feynn labs,['remote'],"5,000/month",not mentioned,not mentioned,"education
ug: b.tech/b.e. in any specialization, b.sc in any specialization","['pandas', 'r', 'scikit-learn', 'data analysis', 'numpy']",17.5,27.5,nan,nan
not mentioned,cloud counselage,['hyderabad'],unpaid,not mentioned,not mentioned,"education
ug: any graduate
pg: any postgraduate","['supervisor', 'cvs', 'technical management', 'min', 'machine learning', 'cloud', 'http', 'application software', 'internship', 'supervision']",17.5,27.5,nan,nan
not mentioned,pepsico,['hyderabad'],not disclosed,"having extensive industry experience with infrastructure such as code (terraform), orch...",5-9 yrs,"education
ug: b.tech/b.e. in any specialization
pg: any postgraduate","['kubeflow', 'azure', 'pytorch', 'gcp', 'scikit-learn', 'mlflow', 'prometheus', 'grafana', 'aws', 'tensorflow']",17.5,27.5,5.0,9.0
not mentioned,biz-metric india,"['mumbai', ' chandigarh', ' pune', ' gurugram', ' bengaluru']",not disclosed, bangalore / gurgaon / pune / mumbai / chandigarh  machine learning engineer (azure + d...,3-8 yrs,"education
ug: any graduate
pg: any postgraduate","['computer vision', 'automation', 'image processing', 'coding', 'artificial intelligence', 'machine learning', 'data collection', 'natural language processing', 'analytics', 'python']",17.5,27.5,3.0,8.0
not mentioned,epaisa,"['kolkata', ' mumbai', ' new delhi', ' hyderabad', ' pune', ' chennai', ' bengaluru']",not disclosed,. stay up to date with the latest advancements in ai and machine learning research to c...,2-4 yrs,"education
ug: any graduate
pg: any postgraduate","['computer science', 'deep learning', 'usage', 'neural networks', 'service industry', 'machine learning', 'natural language processing', 'research', 'aws', 'python']",17.5,27.5,2.0,4.0
not mentioned,ideatree,"['kolkata', ' mumbai', ' new delhi', ' hyderabad', ' pune', ' chennai', ' bengaluru']",not disclosed,. stay up to date with the latest advancements in ai and machine learning research to c...,2-4 yrs,"education
ug: any graduate
pg: any postgraduate","['computer science', 'deep learning', 'usage', 'neural networks', 'service industry', 'machine learning', 'natural language processing', 'research', 'aws', 'python']",17.5,27.5,2.0,4.0
not mentioned,angel one,['remote'],not disclosed," about angel one : angel one limited is a fintech company providing broking services, m...",2-4 yrs,not mentioned,['not mentioned'],17.5,27.5,2.0,4.0
not mentioned,codiant - a yash technologies company,['indore'],not disclosed, hands-on experience with the design and implementation of machine learning and deep le...,2-5 yrs,"education
ug: any graduate","['tensorflow', 'ann', 'matplotlib', 'cnn', 'natural language processing', 'neural networks', 'ml algorithms', 'scikit-learn', 'deep learning', 'numpy', 'random forest', 'pytorch', 'rnn', 'django', 'pandas', 'transformers', 'keras', 'flask']",17.5,27.5,2.0,5.0
not mentioned,blueoptima,['bengaluru'],not disclosed,job description      job summary:    blueoptima has a truly unique collection of vast d...,3-7 yrs,"education
ug: any graduate
pg: any postgraduate","['coding', 'postgresql', 'artificial intelligence', 'machine learning', 'customer support', 'management', 'analytics', 'monitoring', 'python']",17.5,27.5,3.0,7.0
not mentioned,ifieldsmart technology llp,['remote'],"50,000-3 lacs pa",we are looking for data scientist specializing in natural language processing (nlp) and...,1-5 yrs,"education
ug: any graduate",['ai algorithms'],50000.0,3.0,1.0,5.0
not mentioned,siemens,['bengaluru'],not disclosed,. post-graduate degree (phd is preferred) in applied math / engineering/sciences with 1...,1-2 yrs,"education
ug: any graduate
pg: any postgraduate","['c++', 'medical imaging', 'diagnostics', 'machine learning', 'healthcare', 'research', 'biomedical', 'operations', 'information technology', 'python']",17.5,27.5,1.0,2.0
not mentioned,rpa infotech,['gurugram'],not disclosed,"bachelor or masters degree in engineering, computer science, operational research, stat...",2-7 yrs,"education
ug: b.tech/b.e. in production/industrial, any graduate
pg: m.tech in electronics/telecommunication","['computer science', 'operations research', 'data science', 'bfsi', 'network analysis', 'machine learning', 'social networking', 'natural language processing', 'sql', 'python']",17.5,27.5,2.0,7.0
not mentioned,e2e infoware,"['chennai', ' bengaluru']",not disclosed,"data scientist / advanced analytics - machine learning, python, predictive analysis, st...",1-5 yrs,"education
ug: b.tech/b.e. in computers
pg: post graduation not required","['advanced analytics', 'deep learning', 'artificial intelligence', 'r programming', 'machine learning', 'python']",17.5,27.5,1.0,5.0
not mentioned,not mentioned,['hyderabad(madhapur)'],not disclosed,"machine learning internship . must have skills . machine learning algorithms, statistic...",0-1 yrs,"education
ug: b.sc in any specialization, b.tech/b.e. in any specialization","['artificial intelligence', 'machine learning algorithms']",17.5,27.5,0.0,1.0
not mentioned,not mentioned,['new delhi'],not disclosed,"must have . bachelors or masters degree in computer science proven experience in ai, ml...",3-6 yrs,"education
ug: any graduate
pg: any postgraduate","['computer science', 'cloud computing', 'computer vision', 'deep learning', 'image processing', 'neural networks', 'artificial intelligence', 'machine learning', 'aws', 'python']",17.5,27.5,3.0,6.0
not mentioned,gvr technolabs,['new delhi'],4-6 lacs pa,". test report generation for certification, where applicable preparation of required do...",4-7 yrs,"education
ug: b.tech/b.e. in electronics/telecommunication, computers, electrical
pg: ms/m.sc(science) in computers, mca in computers","['ai techniques', 'artificial intelligence', 'python', 'ml']",4.0,6.0,4.0,7.0
not mentioned,"advanced micro devices, inc",['bengaluru'],not disclosed,bachelor s. degree . candidates . will also be considered. . the ideal candidate will h...,2-5 yrs,"education
ug: any graduate
pg: any postgraduate","['deep learning', 'mahine learning', 'open soure', 'seletion proess', 'debugging', 'reruitment', 'artifiial intelligene', 'continuous improvement', 'python', 'computer siene']",17.5,27.5,2.0,5.0
not mentioned,gloify,['gurugram'],not disclosed,position overview :we are seeking an experienced head of engineering to lead our engine...,6-8 yrs,"education
ug: b.tech/b.e. in any specialization
pg: ms/m.sc(science) in any specialization
doctorate: doctorate not required","['java', 'r', 'generative ai', 'data management', 'machine learning', 'aws', 'python']",17.5,27.5,6.0,8.0
not mentioned,ideatree,['new delhi'],not disclosed,  study and transform data science prototypes   design machine learning systems   resea...,2-7 yrs,"education
ug: any graduate
pg: any postgraduate","['cold calling', 'data science', 'data modeling', 'analytical', 'artificial intelligence', 'machine learning', 'service industry', 'data structures', 'restaurant hospitality', 'python']",17.5,27.5,2.0,7.0
not mentioned,consilium software,['new delhi'],not disclosed,  consilium software pvt ltd is looking for machine learning engineer to join our dynam...,3-6 yrs,"education
ug: b.tech/b.e. in any specialization
pg: any postgraduate","['algorithms', 'python', 'modeling', 'natural language processing', 'software testing', 'data pipeline', 'machine learning', 'artificial intelligence', 'scalability', 'ml algorithms', 'predictive modeling', 'computer vision', 'troubleshooting', 'machine learning algorithms', 'ml']",17.5,27.5,3.0,6.0
not mentioned,level ai,['new delhi'],not disclosed,"proficient in python and sqlknowledge of basic data structures and algorithms, and prof...",2-5 yrs,"education
ug: any graduate
pg: any postgraduate","['rca', 'coding', 'enterprise applications', 'machine learning', 'data structures', 'data mining', 'monitoring', 'sql', 'python']",17.5,27.5,2.0,5.0
not mentioned,housing.com,['gurugram'],not disclosed,a graduation / post-graduation degree in computer science/ mathematics / statistics (ii...,7-12 yrs,"education
ug: any graduate
pg: any postgraduate","['image processing', 'campaign management', 'coding', 'artificial intelligence', 'machine learning', 'digital marketing', 'analytics', 'crm', 'python']",17.5,27.5,7.0,12.0
not mentioned,spikewell,['bhubaneswar'],not disclosed,this internship is an excellent opportunity for individuals looking to apply their theo...,0-1 yrs,"education
ug: any graduate
pg: mca in computers","['deep learning', 'python', 'data science', 'natural language processing', 'neural networks', 'computer vision', 'machine learning', 'artificial intelligence']",17.5,27.5,0.0,1.0
not mentioned,not mentioned,"['mumbai', ' pune', ' gurugram']",15-22.5 lacs pa,"shift timmings: 12:00 pm to 9:00 pm. preferred skills : kubeflow, vetex ai, gcp / any c...",7-12 yrs,"education
ug: b.tech/b.e. in any specialization","['gke', 'tensorflow', 'azure', 'vetex ai', 'pytorch', 'gcp', 'kuberflow', 'virtual machine']",15.0,22.0,7.0,12.0
not mentioned,uplers,['remote'],40-60 lacs pa,"senior ml engineer experience: 5+ yearssalary : upto usd 72, 000 / yearpreferred notice...",5-10 yrs,"education
ug: any graduate","['docker', 'ci/cd', 'aws', 'sql']",40.0,60.0,5.0,10.0
not mentioned,not mentioned,['bengaluru(bagalur +3)'],10-14 lacs pa,*only female with relevant 3+yrs can apply current location must be bangalore -others p...,3-6 yrs,"education
ug: b.tech/b.e. in information technology, computers","['tensorflow', 'pytorch', 'opencv', 'computer vision', 'deep learning', 'scikit-learn', 'ml']",10.0,14.0,3.0,6.0
not mentioned,coursera,"['kolkata', ' mumbai', ' new delhi', ' hyderabad', ' pune', ' chennai', ' bengaluru']",not disclosed,"it is now one of the largest online learning platforms in the world, with 142 million r...",5-6 yrs,"education
ug: any graduate
pg: any postgraduate","['ops', 'system', 'natural language processing', 'design patterns', 'computer vision', 'aws', 'machine learning', 'ml']",17.5,27.5,5.0,6.0
not mentioned,carbynetech india pvt ltd,['hyderabad'],not disclosed,job requirements :- 3+ years of experience in machine learning and ai analytics.- exper...,3-8 yrs,"education
ug: b.tech/b.e. in any specialization
pg: any postgraduate
doctorate: doctorate not required","['data science', 'r', 'apics', 'nlp', 'artificial intelligence', 'data management', 'python', 'predictive analytics']",17.5,27.5,3.0,8.0
not mentioned,som imaging informatics pvt. ltd.,['kolkata'],not disclosed, fundamentals of data science and programming.   neural networks and deep learning.    ...,5-8 yrs,"education
ug: any graduate
pg: any postgraduate","['deep learning', 'team management', 'data science', 'neural networks', 'machine learning', 'programming', 'python']",17.5,27.5,5.0,8.0
not mentioned,msys technologies,"['hybrid - pune', ' chennai', ' bengaluru']",not disclosed,experience with building basic web applications for user interactionexperience with bui...,6-11 yrs,"education
ug: any graduate","['genai', 'langgraph', 'langchain', 'aiml']",17.5,27.5,6.0,11.0
not mentioned,paypal,['chennai'],not disclosed,. - bachelors with 4+ years of experience or masters with 2+ years of experience or phd...,5-9 yrs,"education
ug: any graduate
pg: any postgraduate","['data analysis', 'data science', 'artificial intelligence', 'billing', 'machine learning', 'vulnerability', 'information technology', 'analytics', 'financial services', 'sql']",17.5,27.5,5.0,9.0
not mentioned,ventura securities,"['mumbai', ' thane', ' navi mumbai']",not disclosed,"education : bachelors degree in data science, computer science, statistics, mathematics...",5-10 yrs,"education
ug: any graduate
pg: any postgraduate
doctorate: doctorate not required","['r', 'data scientist', 'data visualization tools', 'data modeling', 'data analytics', 'machine learning', 'decision science', 'predictive analytics', 'python', 'sql']",17.5,27.5,5.0,10.0
not mentioned,ust,['pune'],not disclosed,critical thinking: data analysts must review numbers trends and data to come up with or...,5-7 yrs,"education
ug: any graduate
pg: any postgraduate","['data cleansing', 'data analysis', 'sas', 'coding', 'data modeling', 'analytical', 'data quality', 'data mining', 'analytics', 'sql']",17.5,27.5,5.0,7.0
not mentioned,epixel software,['delhi'],not disclosed,. work alongside data engineering to ingest and transform data for both streaming and b...,3-4 yrs,"education
ug: any graduate
pg: post graduation not required","['computer science', 'spark', 'machine learning', 'deployment', 'statistics', 'sql', 'python', 'artificial intelligencedeep learning']",17.5,27.5,3.0,4.0
not mentioned,not mentioned,['gurgaon'],not disclosed,experience with agile development . must have experience in developing full stack appli...,2-5 yrs,"education
ug: b.tech/b.e. in computers
pg: post graduation not required","['version control', 'git', 'google api', 'xml', 'machine learning', 'javascript', 'http', 'json', 'test driven development', 'python']",17.5,27.5,2.0,5.0
not mentioned,wallethub,['remote'],not disclosed,nice to have but not required this has a direct impact on the overall user experienceex...,4-6 yrs,"education
ug: any graduate
pg: any postgraduate","['data analysis', 'data science', 'neural networks', 'mysql', 'machine learning', 'predictive modeling', 'natural language processing', 'data mining', 'python']",17.5,27.5,4.0,6.0
not mentioned,viavi solutions inc,['chennai'],not disclosed,we are seeking a highly skilled and experienced machine learning engineer with a strong...,4-8 yrs,"education
ug: any graduate
pg: llm in law","['telecom', 'data analysis', 'diagnostics', 'mysql', 'machine learning', 'data mining', 'distribution system', 'forecasting', 'sql', 'python']",17.5,27.5,4.0,8.0
not mentioned,amgen inc,['hyderabad'],not disclosed,what you will dowe are seeking a highly skilled machine learning engineer with a strong...,3-7 yrs,not mentioned,['not mentioned'],17.5,27.5,3.0,7.0
not mentioned,williams-sonoma,['pune'],not disclosed," demonstrate a deep knowledge of, and ability to operationalize, leading data & analyti...",8-13 yrs,"education
ug: any graduate
pg: any postgraduate","['deep learning', 'automation', 'data analysis', 'quality improvement', 'coding', 'machine learning', 'e-commerce', 'data analytics', 'python']",17.5,27.5,8.0,13.0
not mentioned,intone networks,['remote'],not disclosed,intone networks is looking for staff machine learning engineer to join our dynamic team...,1-5 yrs,"education
ug: any graduate
pg: any postgraduate",['machine learning'],17.5,27.5,1.0,5.0
not mentioned,azilen,['ahmedabad'],not disclosed,. we seek a passionate and skilled machine learning engineer with 2+ years ofhands-on e...,2-3 yrs,"education
ug: any graduate
pg: any postgraduate","['computer science', 'it services', 'analytical skills', 'data analysis', 'data science', 'data manipulation', 'machine learning', 'statistics', 'sql', 'python']",17.5,27.5,2.0,3.0
not mentioned,tredence,['hyderabad(gachibowli)'],not disclosed,we are looking for an experienced mlops engineer with 5-10 years of experience and deep...,5-10 yrs,"education
ug: b.tech/b.e. in any specialization",['not mentioned'],17.5,27.5,5.0,10.0
not mentioned,not mentioned,['ahmedabad'],not disclosed,that s ok. we prefer experience over education,2-5 yrs,"education
ug: b.tech/b.e. in any specialization
pg: m.tech in any specialization","['computer vision', 'c++', 'image processing', 'opencv', 'machine learning', 'data structures', 'information retrieval', 'natural language processing', 'continuous improvement', 'python']",17.5,27.5,2.0,5.0
not mentioned,shaip ai data (india),['remote'],not disclosed,"qualifications: . bachelors degree in computer science, engineering, or related fieldex...",3-5 yrs,"education
ug: b.tech/b.e. in information technology, computers
pg: m.tech in computers","['tensorflow', 'deep learning', 'pytorch', 'nltk', 'nlp', 'rnn', 'ner', 'keras', 'bert', 'spacy', 'text classification', 'python']",17.5,27.5,3.0,5.0
not mentioned,keeptruckin,['remote'],not disclosed,"solve challenging object detection, segmentation, recognition, and geometric computer v...",2-7 yrs,"education
ug: any graduate
pg: any postgraduate","['computer vision', 'deep learning', 'c++', 'backend', 'machine learning', 'manager technology', 'robotics', 'python', 'logistics']",17.5,27.5,2.0,7.0
not mentioned,provenir,['bengaluru'],not disclosed,   builds & maintains machine learning and big data production pipelines to support adv...,2-5 yrs,"education
ug: any graduate
pg: any postgraduate","['machine learning', 'data structures', 'data quality', 'troubleshooting', 'open source', 'distribution system', 'monitoring', 'sql', 'python']",17.5,27.5,2.0,5.0
not mentioned,roku,['bengaluru'],not disclosed,collaborate with us engineering teams as well as cross-functional teams to translate bu...,5-7 yrs,"education
ug: any graduate
pg: any postgraduate","['python', 'natural language processing', 'neural networks', 'engineering', 'machine learning', 'artificial intelligence', 'deep learning', 'tensorflow', 'data science', 'predictive modeling', 'computer vision', 'statistical modeling', 'technical specifications', 'text mining', 'ml']",17.5,27.5,5.0,7.0
not mentioned,informatica,['bengaluru'],not disclosed,    job description senior machine learning engineer     informatica  is on a journey t...,3-7 yrs,"education
ug: any graduate
pg: any postgraduate","['electrical engineering', 'deep learning', 'data management', 'neural networks', 'artificial intelligence', 'machine learning', 'informatica', 'research']",17.5,27.5,3.0,7.0
not mentioned,cerulean information technology,['bengaluru(devarabeesana halli)'],not disclosed,looking for immediate joiners as sr. consultant for machine learning & automation data ...,8-13 yrs,"education
ug: b.tech/b.e. in any specialization, b.sc in any specialization, bca in computers","['r', 'machine learning algorithms', 'statistics', 'sql']",17.5,27.5,8.0,13.0
not mentioned,adobe systems india pvt. ltd.,['noida'],not disclosed," the development engineer will be part of a team working on the development, operations...",9-12 yrs,"education
ug: b.tech/b.e. in any specialization, any graduate
pg: any postgraduate","['debugging', 'machine learning', 'cloud', 'conceptualization', 'programming', 'product design', 'adobe', 'monitoring', 'python']",17.5,27.5,9.0,12.0
not mentioned,not mentioned,['delhi'],not disclosed,"must have good interpersonal skills. . ug : btech/ be - computers, electrical, electron...",1-5 yrs,"education
ug: b.tech/b.e. in computers
pg: post graduation not required","['computer vision', 'c++', 'development', 'image processing', 'technical', 'telecommunication', 'developing', 'linux', 'analytical', 'mysql', 'machine learning', 'design', 'natural language processing', 'agile', 'python']",17.5,27.5,1.0,5.0
not mentioned,ringcentral,['bengaluru'],not disclosed,we are seeking an experienced ml engineer with a minimum of 3 years of experience in sp...,3-5 yrs,"education
ug: any graduate
pg: any postgraduate","['computer science', 'asr', 'deep learning', 'architecture', 'analytical', 'machine learning', 'model development', 'deployment', 'monitoring', 'python']",17.5,27.5,3.0,5.0
not mentioned,zeta global,['bengaluru'],not disclosed,zeta global is looking for an experienced machine learning engineer with industry-prove...,2-4 yrs,"education
ug: any graduate
pg: any postgraduate","['san', 'marketing programs', 'campaign management', 'machine learning', 'manager technology', 'html', 'research', 'digital marketing', 'management reporting', 'python']",17.5,27.5,2.0,4.0
not mentioned,aryavart institute of technology,"['noida', ' patna', ' kanpur', ' supaul']",not disclosed," as a machine learning trainer, you will be at the forefront of educating and upskillin...",2-4 yrs,"education
ug: any graduate
pg: any postgraduate","['cloud computing', 'artificial intelligence', 'curriculum development', 'machine learning', 'schema', 'http', 'internship', 'python']",17.5,27.5,2.0,4.0
not mentioned,siemens healthcare,['bengaluru'],not disclosed,"location: bangalore, india . organization: center for innovation in diagnostics, bangal...",1-2 yrs,"education
ug: any graduate
pg: any postgraduate","['c++', 'medical imaging', 'diagnostics', 'machine learning', 'healthcare', 'research', 'matlab', 'operations', 'information technology', 'python']",17.5,27.5,1.0,2.0
not mentioned,bastian solutions,['bengaluru'],not disclosed,"bachelor / masters degree in computer science, or engineering . 10+ years of experience...",4-8 yrs,"education
ug: any graduate
pg: any postgraduate","['bayesian', 'algorithms', 'server', 'python', 'c++', 'modeling', 'ai solutions', 'mathematics', 'neural networks', 'robotics', 'machine learning', '3d', 'tensorflow', '2d', 'automation', 'design patterns', 'computer vision', 'pytorch', 'keras', 'geometry', 'software engineering', 'pattern recognition']",17.5,27.5,4.0,8.0
not mentioned,calfus technologies india,"['pune', ' bengaluru']",not disclosed,"the ideal candidate will be a quick learner, well-versed in the latest ai / ml and data...",3-7 yrs,"education
ug: any graduate
pg: any postgraduate","['data analysis', 'analytical', 'machine learning', 'data collection', 'data processing', 'data quality', 'natural language processing', 'regression analysis', 'python']",17.5,27.5,3.0,7.0
not mentioned,not mentioned,"['new delhi', ' pune', ' gurugram']",20-35 lacs pa,"role: machine learning engineer experience- 4 to 6 yearslocation- pune, delhi ncrskills...",4-6 yrs,"education
ug: any graduate",['deep learning'],20.0,35.0,4.0,6.0
not mentioned,nurdsoft,['remote'],not disclosed,"experience with large-scale datasets, supporting dozens of millions of users . ability ...",2-5 yrs,"education
ug: any graduate
pg: any postgraduate","['python', 'c++', 'modeling', 'software development', 'c', 'natural language processing', 'scala', 'neural networks', 'machine learning', 'artificial intelligence', 'sql', 'deep learning', 'tensorflow', 'java', 'data science', 'spark', 'writing', 'computer vision', 'pytorch', 'statistical modeling', 'keras', 'ml']",17.5,27.5,2.0,5.0
not mentioned,not mentioned,['chennai'],not disclosed,. what do you need to bring- . - bachelors with 4+ years of experience or masters with ...,4-7 yrs,"education
ug: any graduate
pg: any postgraduate","['data analysis', 'data science', 'artificial intelligence', 'billing', 'machine learning', 'vulnerability', 'information technology', 'analytics', 'financial services', 'sql']",17.5,27.5,4.0,7.0
not mentioned,botminds,['chennai'],not disclosed,    we are looking for an exceptional ml engineer who can help us to provide a great us...,2-5 yrs,"education
ug: any graduate
pg: llm in law","['deep learning', 'artificial intelligence', 'saas', 'machine learning', 'infrastructure development', 'manager technology', 'programming', 'research', 'python']",17.5,27.5,2.0,5.0
not mentioned,galaxy weblinks,['remote'],not disclosed,"proficiency in data preprocessing, feature engineering, and model evaluation techniques...",2-6 yrs,"education
ug: any graduate
pg: any postgraduate","['computer vision', 'version control', 'git', 'artificial intelligence', 'machine learning', 'cloud', 'predictive modeling', 'natural language processing', 'management', 'python']",17.5,27.5,2.0,6.0
not mentioned,not mentioned,['bhopal'],not disclosed,"preferred qualification: phd in computer science or related areas, such as, phd in ml /...",0-3 yrs,"education
ug: any graduate
pg: any postgraduate","['machine learning', 'research', 'robotics', 'python']",17.5,27.5,0.0,3.0
not mentioned,marsian technologies,['pune'],not disclosed,good to have aws or gcp skillset or docker,0-1 yrs,"education
ug: b.sc in chemistry
pg: any postgraduate","['computer science', 'software architecture', 'statistical analysis', 'gcp', 'data modeling', 'analytical', 'machine learning', 'data structures', 'mathematics', 'python']",17.5,27.5,0.0,1.0
not mentioned,not mentioned,"['chandigarh', ' panchkula']",not disclosed,"minimum requirements: . this work will involve resources having experience in ai, data ...",0-2 yrs,"education
ug: b.tech/b.e. in computers
pg: post graduation not required","['nosql', 'web services', 'web technologies', 'data science', 'django', 'machine learning', 'manager technology', 'spring', 'sql', 'python']",17.5,27.5,0.0,2.0
not mentioned,splore human centric ai,['bengaluru'],not disclosed,"experience with data-driven product development: analytics, a / b testing, etc . strong...",4-9 yrs,"education
ug: b.sc in any specialization
pg: any postgraduate","['computer vision', 'coding', 'artificial intelligence', 'machine learning', 'information retrieval', 'perl', 'forecasting', 'analytics', 'python']",17.5,27.5,4.0,9.0
not mentioned,lmes academy,['chennai'],not disclosed,retrieval-augmented generation (rag): good understanding on rag systems to improve the ...,2-4 yrs,"education
ug: any graduate","['generative ai', 'api', 'python']",17.5,27.5,2.0,4.0
not mentioned,gizmeon technologies,['hybrid - kochi'],8-18 lacs pa,"gizmeon technologies, a complete digital solution provider is actively looking for 5 to...",5-10 yrs,"education
ug: b.tech/b.e. in computers","['tensorflow', 'pytorch', 'natural language processing', 'kubernetes']",8.0,18.0,5.0,10.0
not mentioned,not mentioned,['mumbai'],not disclosed,specific experience in ai areas like statistical proven experience as a machine learnin...,2-5 yrs,"education
ug: any graduate
pg: any postgraduate","['software architecture', 'operations research', 'data modeling', 'analytical', 'artificial intelligence', 'consulting', 'machine learning', 'data structures', 'natural language processing', 'python']",17.5,27.5,2.0,5.0
not mentioned,not mentioned,['coimbatore'],not disclosed,"certification or training in mlops, machine learning, or related fields . background in...",2-7 yrs,"education
ug: any graduate
pg: any postgraduate","['erp', 'orchestration', 'data science', 'machine learning', 'data structures', 'data processing', 'customer relationship', 'team building', 'python', 'crm']",17.5,27.5,2.0,7.0
not mentioned,forgeahead solutions,['pune'],not disclosed,"   bachelor's or master's degree in computer science, machine learning, or related fiel...",3-5 yrs,"education
ug: any graduate
pg: llm in law, any postgraduate","['application software', 'algorithms', 'python', 'cnn', 'software development', 'modeling', 'natural language processing', 'neural networks', 'engineering', 'machine learning', 'artificial intelligence', 'deep learning', 'tensorflow', 'lstm', 'computer vision', 'pytorch', 'keras', 'ml']",17.5,27.5,3.0,5.0
not mentioned,sndk corp,['ahmedabad'],not disclosed,"the ideal candidate should have a strong background in computer science, mathematics, a...",2-5 yrs,"education
ug: any graduate
pg: any postgraduate","['computer science', 'analytical skills', 'cloud computing', 'c++', 'artificial intelligence', 'machine learning', 'programming', 'power bi', 'data visualization', 'python']",17.5,27.5,2.0,5.0
not mentioned,inavan,['kochi'],not disclosed,experience in image processing computer vision projects . thorough experience in deep l...,1-4 yrs,"education
ug: any graduate
pg: any postgraduate","['computer vision', 'deep learning', 'web application development', 'image processing', 'neural networks', 'artificial intelligence', 'machine learning', 'signal processing', 'technical support', 'python']",17.5,27.5,1.0,4.0
not mentioned,tac security,"['mumbai', ' pune']",not disclosed, ensures software applications are built with quality while conforming to corporate and...,2-7 yrs,"education
ug: any graduate
pg: any postgraduate","['san', 'deep learning', 'artificial intelligence', 'mysql', 'machine learning', 'data analytics', 'data visualization', 'vulnerability management', 'big data', 'python']",17.5,27.5,2.0,7.0
not mentioned,megdap innovation labs,['pune'],not disclosed, machine learning and ai engineer company profile  megdap is a leader in langauge techn...,2-5 yrs,"education
ug: any graduate
pg: post graduation not required","['computer science', 'c++', 'git', 'linux', 'image processing', 'machine learning', 'perl', 'open source', 'matlab', 'python']",17.5,27.5,2.0,5.0
not mentioned,banyan solutions,['hyderabad'],not disclosed,"technology head data science, data analytics background hyderabad job title: python, ma...",2-6 yrs,"education
ug: any graduate
pg: post graduation not required","['technology head', 'python', 'data science', 'machine learning', 'data analytics']",17.5,27.5,2.0,6.0
not mentioned,prudential,"['kolkata', ' mumbai', ' new delhi', ' hyderabad', ' pune', ' chennai', ' bengaluru']",not disclosed, the ideal candidate should have an established background in designing and building a ...,4-9 yrs,"education
ug: any graduate
pg: any postgraduate","['computer science', 'cloud computing', 'automation', 'manager quality assurance', 'machine learning', 'json', 'monitoring', 'sql', 'python', 'recruitment']",17.5,27.5,4.0,9.0
not mentioned,bebo technologies,"['hybrid - chandigarh', ' pune', ' delhi / ncr']",not disclosed,"performance monitoring: monitor and evaluate the performance of deployed models, ensuri...",3-8 yrs,"education
ug: bca in any specialization, b.tech/b.e. in any specialization
pg: mca in any specialization, m.tech in any specialization","['pytorch', 'keras', 'scikit-learn', 'python']",17.5,27.5,3.0,8.0
not mentioned,level ai,"['kolkata', ' mumbai', ' new delhi', ' hyderabad', ' pune', ' chennai', ' bengaluru']",not disclosed,proficient in pythonknowledge and practical experience in solving nlp problems in areas...,3-7 yrs,"education
ug: any graduate
pg: any postgraduate","['computer science', 'enterprise applications', 'machine learning', 'data structures', 'silicon', 'pattern recognition', 'open source', 'data mining', 'monitoring', 'python']",17.5,27.5,3.0,7.0
not mentioned,ethnotech academy,['bengaluru'],not disclosed,"  data science, machine learning, python, training, trainer, tableau, deep learning, nl...",2-5 yrs,"education
ug: any graduate
pg: any postgraduate","['training', 'deep learning', 'tableau', 'data science', 'coding', 'analytical', 'machine learning', 'subject matter expert', 'python']",17.5,27.5,2.0,5.0
not mentioned,not mentioned,['mumbai (all areas)'],not disclosed,job responsibilities:  design and implement end-to-end machine learning workflows for i...,4-7 yrs,"education
ug: b.tech/b.e. in any specialization, bca in any specialization
pg: mca in any specialization, ms/m.sc(science) in any specialization, m.tech in any specialization","['pandas', 'numpy']",17.5,27.5,4.0,7.0
not mentioned,tiket.com,"['kolkata', ' mumbai', ' new delhi', ' hyderabad', ' pune', ' chennai', ' bengaluru']",not disclosed,"  machine learning engineer is kinda similar to a software engineer, with additional co...",2-5 yrs,"education
ug: any graduate
pg: any postgraduate","['deep learning', 'software architecture', 'data science', 'machine learning', 'architectural design', 'manager technology', 'data processing', 'supervision', 'python', 'technical documentation']",17.5,27.5,2.0,5.0
not mentioned,data economy,"['kolkata', ' mumbai', ' new delhi', ' hyderabad', ' pune', ' chennai', ' bengaluru']",not disclosed,preferably aws cloudshould be able to prototype andevaluate new libraries and new featu...,2-5 yrs,"education
ug: any graduate
pg: any postgraduate","['prototype', 'data science', 'cloud services', 'cloud', 'machine learning', 'data visualization', 'stakeholder management', 'aws', 'monitoring', 'python']",17.5,27.5,2.0,5.0
not mentioned,tiketcom,"['kolkata', ' mumbai', ' new delhi', ' hyderabad', ' pune', ' chennai', ' bengaluru']",not disclosed,"batch, stream) . mandatory belongings that you must prepare: . have minimum 3 years of ...",3-6 yrs,"education
ug: any graduate
pg: any postgraduate","['deep learning', 'software architecture', 'data science', 'machine learning', 'architectural design', 'manager technology', 'data processing', 'supervision', 'python', 'technical documentation']",17.5,27.5,3.0,6.0
not mentioned,mindpeers,"['kolkata', ' mumbai', ' new delhi', ' hyderabad', ' pune', ' chennai', ' bengaluru']",not disclosed,"excellent coding, documentation, version control, and testing skills in python . profic...",2-5 yrs,"education
ug: any graduate
pg: any postgraduate","['version control', 'nosql', 'coding', 'underwriting', 'machine learning', 'natural language processing', 'data visualization', 'sql', 'python']",17.5,27.5,2.0,5.0
not mentioned,open insights,"['kolkata', ' mumbai', ' new delhi', ' hyderabad', ' pune', ' chennai', ' bengaluru']",not disclosed,experience in apache spark and databricks . experience with mlops tools that support mo...,2-6 yrs,"education
ug: any graduate
pg: any postgraduate","['data modeling', 'coding', 'machine learning', 'data structures', 'open source', 'analytics', 'monitoring', 'sql', 'python']",17.5,27.5,2.0,6.0
